Fullname,Gender,Country
Michał,M, Poland
William,U,Ireland
Klara,F, Netherlands
Jadwiga,F, Poland
Stanisław,M, Poland
Vincentius,M,Poland
Matthijs,M, Netherlands
Gertrudis,F,Poland
Laura,U,Ireland
Klaas,M, Netherlands
Michael,M,Poland
Arie,M, Netherlands
Mary,U,Ireland
Willempje,F, Netherlands
Johanna,F, Netherlands
Stanisław,M, Poland
Elizabeth,F, Netherlands
Jane,U,Ireland
Lijntje,F, Netherlands
Carolina,F,Poland
Jacobus,M, Netherlands
Sophia,F, Netherlands
Bolesław,M, Poland
Cornelis,M, Netherlands
Josepha,F,Poland
Hendrikus,M, Netherlands
John,U,Ireland
Carolina,F,Poland
Lijntje,F, Netherlands
Karolina,F, Poland
Jakob,M, Netherlands
Jannetje,F, Netherlands
Maarten,M, Netherlands
Adam,U,Ireland
Tekla,F, Poland
Johanna,F, Netherlands
Stephana,F,Poland
Maria,F, Netherlands
Josephus,M,Poland
Hendrik,M, Netherlands
Quinton,U,Ireland
Jacob,M, Netherlands
Maria,F, Netherlands
Bastiaan,M, Netherlands
Jan,M, Netherlands
Klazina,F, Netherlands
Anna,U,Ireland
Charles,U,Ireland
Cornelia,F, Netherlands
Hugh,U,Ireland
Sophia,F,Poland
Rebecca,U,Ireland
Johanna,F, Netherlands
Hendrik,M, Netherlands
Ludovicus,M,Poland
Marianna,F, Poland
Johan,M, Netherlands
Fanny,U,Ireland
Cornelia,F, Netherlands
Marianna,F,Poland
Helena,F, Netherlands
James,U,Ireland
Pieter,M, Netherlands
Martha,U,Ireland
James,U,Ireland
Margaretha,F, Netherlands
Abraham,M, Netherlands
Arie,M, Netherlands
Rosalia,F,Poland
Xenia,U,Ireland
Pieter,M, Netherlands
Edward,U,Ireland
Maria,F, Netherlands
Franciszka,F, Poland
James,U,Ireland
Jacobus,M, Netherlands
Elizabeth,F, Netherlands
Floris,M, Netherlands
Jan,M, Netherlands
Isabella,U,Ireland
Barendina,F, Netherlands
Cornelis,M, Netherlands
Annetje,F, Netherlands
Anna,U,Ireland
Ladislaus,M,Poland
Arnoldus,M, Netherlands
Johanna,F, Netherlands
Cornelia,F, Netherlands
Cornelia,F, Netherlands
Hendrika,F, Netherlands
William,U,Ireland
Joseph,U,Ireland
John,U,Ireland
Johanna,F, Netherlands
Johannes,M, Netherlands
Joseph,U,Ireland
Owen,U,Ireland
Pieter,M, Netherlands
Adriana,F, Netherlands
Magdalena,F, Netherlands
Joannes,M,Poland
Nelia,F, Netherlands
Tekla,F, Poland
Sara,F, Netherlands
Stanislaus,M,Poland
Josephine,U,Ireland
Stanisław,M, Poland
Josephus,M,Poland
Franciszka,F, Poland
Petrus,M, Netherlands
Sophia,F, Netherlands
Joannes,M,Poland
Jan,M, Netherlands
Grace,U,Ireland
Helena,F, Poland
Jan,M, Netherlands
Josephus,M,Poland
Willem,M, Netherlands
Wilhelmus,M, Netherlands
Gijsberta,F, Netherlands
Hedvigis,F,Poland
Petrus,M, Netherlands
Peter,U,Ireland
Kazimierz,M, Poland
Johanna,F, Netherlands
Antonia,F, Netherlands
Boudiene,F, Netherlands
Marianus,M,Poland
Hendrika,F, Netherlands
James,U,Ireland
Maria,F, Netherlands
Myer,U,Ireland
Ellen,U,Ireland
Patrick,U,Ireland
Helena,F, Poland
Maria,F, Netherlands
Antonie,M, Netherlands
Skarbele,U,Poland
Mary,U,Ireland
Daniel,M, Netherlands
Joannes,M,Poland
Catharina,F,Poland
Catherine,U,Ireland
Józef,M, Poland
Adam,M, Poland
Angela,F,Poland
Angela,F,Poland
Jan,M, Poland
Joseph,M, Netherlands
Pieter,M, Netherlands
Władysław,M, Poland
Antonius,M,Poland
Floris,M, Netherlands
Jan,M, Poland
Tadeusz,M, Poland
Adriaan,M, Netherlands
Pleuntje,F, Netherlands
Maartje,F, Netherlands
Anna,F,Poland
Theodorus,M, Netherlands
William,U,Ireland
Meretta,F, Netherlands
Joanns,M,Poland
Karol,M, Poland
Antonia,F, Netherlands
Benjamin,U,Ireland
Sophia,F,Poland
John,U,Ireland
Johan,M, Netherlands
Hendrik,M, Netherlands
Angela,F,Poland
Ewa,F, Poland
Annigje,F, Netherlands
Maria,F,Poland
,U, Poland
Annie,U,Ireland
Henri,M, Netherlands
Gerrit,M, Netherlands
Susan,U,Ireland
Johanna,F, Netherlands
Johannes,M, Netherlands
Thomas,M,Poland
Johan,M, Netherlands
Mikołaj,M, Poland
Johanna,F, Netherlands
Cornelis,M, Netherlands
Marianna,F, Poland
Cornelis,M, Netherlands
Maria,F, Netherlands
Karel,M, Netherlands
Joshua,U,Ireland
Jan,M, Poland
Ingetje,F, Netherlands
Maria,F,Poland
William,U,Ireland
Marianna,F, Poland
Franciscus,M,Poland
William,U,Ireland
Kornelis,M, Netherlands
Berend,M, Netherlands
Catharina,F,Poland
Franciscus,M,Poland
Adrianus,M, Netherlands
Margaretha,F, Netherlands
Adalbertus,M,Poland
Cornelia,F, Netherlands
Antonie,M, Netherlands
Pieter,M, Netherlands
Carolina,F,Poland
Jane,U,Ireland
Neeltje,F, Netherlands
Helena,F,Poland
Wilhelmina,F, Netherlands
Aaltje,F, Netherlands
Sara,F, Netherlands
Rosetta,U,Ireland
Richard,U,Ireland
Aagje,F, Netherlands
Stanislaus,M,Poland
Norah,U,Ireland
Jan,M, Netherlands
Marianna,F, Poland
Christopher,U,Ireland
Plonia,F, Netherlands
Anna,F,Poland
Robert,U,Ireland
Hermanus,M, Netherlands
Johanna,F, Netherlands
Marianna,F, Poland
Feliksa,F, Poland
Aaltje,F, Netherlands
Trijntje,F, Netherlands
Bronisław,M, Poland
Victoria,F,Poland
Johanna,F, Netherlands
Johanna,F, Netherlands
Bastiaan,M, Netherlands
Ignacy,M, Poland
Gerritje,F, Netherlands
Barend,M, Netherlands
Edith,U,Ireland
Leendert,M, Netherlands
Adam,M, Poland
Younifa,U,Ireland
Stefan,M, Poland
Anna,F, Netherlands
Sievert,M, Netherlands
Adriana,F, Netherlands
Elizabeth,F, Netherlands
Anna,F, Netherlands
Sientje,F, Netherlands
Everhardus,M, Netherlands
Janna,F, Netherlands
William,U,Ireland
Petronella,F, Netherlands
Sarah,U,Ireland
Margaretha,F, Netherlands
Johannes,M, Netherlands
Johannes,M, Netherlands
Ladislaus,M,Poland
Martinus,M,Poland
Jan,M, Poland
Hendrik,M, Netherlands
Willemina,F, Netherlands
Emily,U,Ireland
Johannes,M, Netherlands
Gerardus,M, Netherlands
Adriana,F, Netherlands
Helena,F, Netherlands
M'Cabe,U,Ireland
James,U,Ireland
Hillegien,F, Netherlands
Cornelia,F, Netherlands
Anne,U,Ireland
Andreas,M, Netherlands
Maatje,F, Netherlands
Petrus,M, Netherlands
Florence,U,Ireland
Thomas,U,Ireland
Johan,M, Netherlands
Wacław,M, Poland
Bolesław,M, Poland
Plonia,F, Netherlands
Johannes,M, Netherlands
Frans,M, Netherlands
Joseph,M,Poland
Urszula,F, Poland
George,U,Ireland
Francisca,F,Poland
Catharina,F, Netherlands
Catharina,F, Netherlands
Yvonne,U,Ireland
Quinelda,U,Ireland
Willem,M, Netherlands
Johannes,M, Netherlands
Petrus,M, Netherlands
Nolda,F, Netherlands
Charles,U,Ireland
Kathleen,U,Ireland
Willem,M, Netherlands
Jeltje,F, Netherlands
Robert,U,Ireland
Hendrikus,M, Netherlands
Katarzyna,F, Poland
Kate,U,Ireland
Johan,M, Netherlands
Ellen,U,Ireland
Arendje,F, Netherlands
J�zef,M, Poland
Mozes,M, Netherlands
Hendricus,M, Netherlands
Eileen,U,Ireland
Antonius,M, Netherlands
Willem,M, Netherlands
Jane,U,Ireland
Carolus,M, Netherlands
Arie,M, Netherlands
John,U,Ireland
Willemina,F, Netherlands
Jan,M, Netherlands
Stanislaus,M,Poland
Stanisław,M, Poland
Piotr,M, Poland
Jan,M, Poland
Antoinetta,F, Netherlands
Sarah,U,Ireland
Johanna,F, Netherlands
John,U,Ireland
Catherine,U,Ireland
Luduvicus,M,Poland
Jan,M, Poland
Helena,F, Netherlands
James,U,Ireland
Nicolaas,M, Netherlands
Czesława,F, Poland
Jacobus,M, Netherlands
Robert,U,Ireland
Doris,U,Ireland
Antonina,F, Poland
Sophia,F,Poland
Bronislava,F,Poland
Rosalia,F,Poland
Franciscus,M, Netherlands
Katarzyna,F, Poland
Ludovica,F,Poland
Martha,F, Netherlands
Dirkje,F, Netherlands
Patrick,U,Ireland
Elizabeth,U,Ireland
Adrianus,M, Netherlands
Govert,M, Netherlands
Janina,F,Poland
Isaac,U,Ireland
Johannes,M, Netherlands
Lodewijk,M, Netherlands
Neeltje,F, Netherlands
Cornelis,M, Netherlands
Pieter,M, Netherlands
Mathilda,F, Netherlands
Genowefa,F, Poland
Simon,M, Netherlands
Antonina,F, Poland
Antonius,M,Poland
J�zefa,F, Poland
Zofja,F, Poland
Una,U,Ireland
Hendrikus,M, Netherlands
Petrus,M, Netherlands
Catharina,F,Poland
Michael,U,Ireland
Elizabeth,U,Ireland
Anthonia,F, Netherlands
Joannes,M,Poland
Maria,F,Poland
Piet,M, Netherlands
Michael,M,Poland
Henrica,F,Poland
Female,U,Ireland
Anna,F, Netherlands
Pieter,M, Netherlands
Adrianus,M, Netherlands
Everarda,F, Netherlands
Maria,F,Poland
Gerardus,M, Netherlands
Adrianus,M, Netherlands
Janina,F, Poland
Katarzyna,F, Poland
Yvonne,U,Ireland
Pieternella,F, Netherlands
Elisabeth,F, Netherlands
Maria,F, Netherlands
Gregorius,M,Poland
Josephus,M,Poland
Joannes,M,Poland
Johanna,F, Netherlands
Robert,U,Ireland
Bridget,U,Ireland
Maria,F,Poland
Herman,M, Netherlands
Boele,M, Netherlands
Stanisława,F, Poland
Gerrit,M, Netherlands
Marijtje,F, Netherlands
Freerk,M, Netherlands
Bronislaus,M,Poland
Marianna,F, Poland
Henriette,F, Netherlands
Marinus,M, Netherlands
Dora,F, Netherlands
Honorata,F,Poland
Carolina,F,Poland
Johannes,M, Netherlands
Adriaantje,F, Netherlands
Alice,U,Ireland
Johanna,F, Netherlands
Apolonia,F, Netherlands
Christina,F, Netherlands
Maria,F, Netherlands
Dirkje,F, Netherlands
Cornelia,F, Netherlands
Jacob,M, Netherlands
Una,U,Ireland
Adriana,F, Netherlands
Mateusz,M, Poland
Willemina,F, Netherlands
Abra,F, Netherlands
Maria,F, Netherlands
Female,U,Ireland
Catharina,F, Netherlands
Wojciech,M, Poland
Myles,U,Ireland
Dirkje,F, Netherlands
Sophia,F,Poland
Stanislaus,M,Poland
Karol,M, Poland
Male,U,Ireland
Arnoldus,M, Netherlands
Franciszka,F, Poland
Neeltje,F, Netherlands
Cornelis,M, Netherlands
Paulina,F, Netherlands
Jan,M, Poland
Joseph,M,Poland
Geert,M, Netherlands
Edward,U,Ireland
Joseph,U,Ireland
Jacob,M, Netherlands
Angela,F,Poland
Franciscus,M,Poland
Feliksa,F, Poland
John,U,Ireland
Elizabeth,U,Ireland
Mozes,M, Netherlands
Marcelis,M, Netherlands
Maarten,M, Netherlands
Johanna,F, Netherlands
Karl,M, Netherlands
Lena,F, Netherlands
Josephus,M,Poland
Aleksandra,F, Poland
Bridget,U,Ireland
Johannes,M, Netherlands
Cornelia,F, Netherlands
Antoni,M, Poland
Francisca,M,Poland
Ursula,U,Ireland
Queeney,U,Ireland
James,U,Ireland
Frederica,F, Netherlands
Wilhelmina,F, Netherlands
Patrick,U,Ireland
Norah,U,Ireland
Adam,M, Poland
Dirk,M, Netherlands
Gerritje,F, Netherlands
Ladislaus,M,Poland
Anthonij,M, Netherlands
Clasina,F, Netherlands
Rose,U,Ireland
Elizabeth,U,Ireland
Frederik,M, Netherlands
Bronislava,F,Poland
Joseph,U,Ireland
Susannah,U,Ireland
Antonia,F, Netherlands
Dirk,M, Netherlands
Ibegmesus,M,Poland
Ladislaus,M,Poland
Andreas,M,Poland
Magdalena,F, Netherlands
Neeltje,F, Netherlands
Klaas,M, Netherlands
Adriana,F, Netherlands
Josephus,M,Poland
Elizabeth,F, Netherlands
Aart,M, Netherlands
Thomas,U,Ireland
Elizabeth,F, Netherlands
Josephus,M,Poland
Elizabeth,U,Ireland
Katarzyna,F, Poland
Maria,F,Poland
Hugh,U,Ireland
Josephus,M,Poland
Stefania,F, Poland
Bastiaantje,F, Netherlands
Joannes,M,Poland
Anne,U,Ireland
Willem,M, Netherlands
Stanislaus,M,Poland
Fijko,M, Netherlands
Maria,F, Netherlands
Margaret,U,Ireland
Joannes,M,Poland
Frederik,M, Netherlands
Anna,F,Poland
Rose,U,Ireland
Susanna,U,Ireland
Wilhelmina,F, Netherlands
Leentje,F, Netherlands
Mary,U,Ireland
Jan,M, Netherlands
Quinlan,U,Ireland
Franciszek,M, Poland
Helena,F,Poland
Elizabeth,F, Netherlands
Michael,M,Poland
Arij,M, Netherlands
Joseph,U,Ireland
Christiaan,M, Netherlands
Jan,M, Netherlands
Cornelis,M, Netherlands
Arie,M, Netherlands
Sophia,F,Poland
Maria,F, Netherlands
Kate,U,Ireland
Lambertus,M, Netherlands
Franciscus,M,Poland
Trijntje,F, Netherlands
Johanna,F, Netherlands
Cornelia,F, Netherlands
Sarah,U,Ireland
Maria,F, Netherlands
Michael,M,Poland
Pieter,M, Netherlands
Hendrik,M, Netherlands
Antonius,M,Poland
Henrietha,F,Poland
Anna,F, Netherlands
Femmegina,F, Netherlands
Stanislava,F,Poland
Jacobus,M, Netherlands
Agnes,F,Poland
Johanna,F, Netherlands
Joseph,M, Netherlands
Queenie,U,Ireland
Johannes,M, Netherlands
Leendert,M, Netherlands
Franciscus,M,Poland
Karol,M, Poland
Stanislaus,M,Poland
Maria,F, Netherlands
Jan,M, Poland
Adamus,M,Poland
Dani�l,M, Netherlands
Jan,M, Netherlands
Mary,U,Ireland
Arie,M, Netherlands
Maria,F, Netherlands
Bob,U,Ireland
Male,U,Ireland
Hedvigis,F,Poland
Mary,U,Ireland
Hieke,F, Netherlands
Catharina,F,Poland
Elisabeth,F, Netherlands
Catharina,F,Poland
John,U,Ireland
Lijsbert,F, Netherlands
Bertha,F, Netherlands
Janna,F, Netherlands
Sophia,F,Poland
Yvonne,U,Ireland
Jippe,M, Netherlands
Aaltje,F, Netherlands
Maria,F, Netherlands
Michael,M,Poland
Anna,F,Poland
Bernard,U,Ireland
Marianna,F,Poland
Isabella,U,Ireland
Beatrice,U,Ireland
Mary,U,Ireland
Annie,U,Ireland
Adam,M, Poland
Anna,F, Poland
Anne,U,Ireland
John,U,Ireland
Sara,F, Netherlands
Frederick,U,Ireland
Maria,F,Poland
Petrus,M, Netherlands
Marcin,M, Poland
Arie,M, Netherlands
Stefan,M, Poland
Wilhelmina,F, Netherlands
Michael,M, Netherlands
Thaddous,M,Poland
Janina,F, Poland
Johanna,F, Netherlands
Martinus,M, Netherlands
Ambrosius,M, Netherlands
Wiktoria,F, Poland
Jean,M, Netherlands
Johannes,M, Netherlands
John,U,Ireland
Ludovicus,M,Poland
Josephus,M,Poland
Marinus,M, Netherlands
Carel,M, Netherlands
Quinten,U,Ireland
Johannes,M, Netherlands
Una,U,Ireland
Johannes,M, Netherlands
Elisabeth,F, Netherlands
Stanisław,M, Poland
Margaret,U,Ireland
M'Cabe,U,Ireland
Pieter,M, Netherlands
Hendrik,M, Netherlands
Maria,F, Netherlands
Angela,F,Poland
Maria,F, Netherlands
Susanna,F, Netherlands
Rosalia,F,Poland
Stanislaus,M,Poland
Wiktoria,F, Poland
Louisa,F, Netherlands
Pieter,M, Netherlands
J�zef,M, Poland
Matilda,U,Ireland
Johanna,F, Netherlands
Catharina,F, Netherlands
Janina,F, Poland
Adrianus,M, Netherlands
Bernard,U,Ireland
Mary,U,Ireland
Orzelina,F, Netherlands
Stefania,F, Poland
Lammegie,F, Netherlands
Bartholomeus,M, Netherlands
Louis,M, Netherlands
Anna,F, Netherlands
Ilse,F, Netherlands
Alberdina,F, Netherlands
Arnoldus,M, Netherlands
Frederik,M, Netherlands
Antje,F, Netherlands
William,U,Ireland
Adriaantje,F, Netherlands
Willem,M, Netherlands
Isabella,U,Ireland
Franciscus,M, Netherlands
Josephus,M,Poland
Agata,F, Poland
Stanisław,M, Poland
Henricus,M, Netherlands
Antonius,M, Netherlands
Rebecca,F, Netherlands
Pieternella,F, Netherlands
Joannes,M,Poland
Leendert,M, Netherlands
Adriaantje,F, Netherlands
Laurence,U,Ireland
Piotr,M, Poland
Salomon,M, Netherlands
Euft,M, Netherlands
Cornelis,M, Netherlands
Richard,U,Ireland
Annetje,F, Netherlands
Jansje,F, Netherlands
Gezina,F, Netherlands
Klaas,M, Netherlands
Johanna,F, Netherlands
Janina,F, Poland
Robert,U,Ireland
Elizabeth,U,Ireland
Antoni,M, Poland
Christopher,U,Ireland
Jansje,F, Netherlands
Gerrit,M, Netherlands
Katarzyna,F, Poland
Cornelis,M, Netherlands
Tannetje,F, Netherlands
Jacobus,M, Netherlands
Jeanie,U,Ireland
Gerrit,M, Netherlands
Johanna,F, Netherlands
Hendrika,F, Netherlands
Theodorus,M, Netherlands
Johanna,F, Netherlands
*Y,U,Ireland
Joannes,M,Poland
Manus,M, Netherlands
Hermann,M, Netherlands
Helena,F, Poland
Elizabeth,U,Ireland
Male,U,Ireland
Neeltje,F, Netherlands
Frans,M, Netherlands
Patrick,U,Ireland
Wilhelmina,F, Netherlands
Catharina,F,Poland
Willem,M, Netherlands
Anna,F, Netherlands
Maria,F, Netherlands
Cornelis,M, Netherlands
Neeltje,F, Netherlands
Pieter,M, Netherlands
Hendrik,M, Netherlands
Egon,M, Netherlands
Hedvigis,F,Poland
Sophia,F,Poland
Jan,M, Poland
Adriana,F, Netherlands
Mary,U,Ireland
Wouter,M, Netherlands
Doreen,U,Ireland
Cornelia,F, Netherlands
Kazimierz,M, Poland
Johannes,M, Netherlands
Cornelia,F, Netherlands
Hermina,F, Netherlands
Annie,U,Ireland
Maria,F,Poland
Ellen,U,Ireland
Adriaan,M, Netherlands
Herbert,U,Ireland
James,U,Ireland
Hendrika,F, Netherlands
Stefania,F, Poland
Arthur,U,Ireland
Alfreda,F, Poland
Johanna,F, Netherlands
Hugh,U,Ireland
Willem,M, Netherlands
Adam,M, Poland
James,U,Ireland
Yvonne,U,Ireland
Johanna,F, Netherlands
Maria,F, Netherlands
Stephania,F,Poland
Natalia,F, Poland
Alice,U,Ireland
Hendrika,F, Netherlands
Cornelis,M, Netherlands
Dingena,F, Netherlands
Maartje,F, Netherlands
Francisca,F,Poland
Marianna,F,Poland
Cornelis,M, Netherlands
Sarah,U,Ireland
Jan,M, Netherlands
Hendrika,F, Netherlands
Willem,M, Netherlands
John,U,Ireland
Hannah,U,Ireland
Bastiaan,M, Netherlands
Stanislaus,M,Poland
Antoni,M, Poland
Hendrik,M, Netherlands
Gerrit,M, Netherlands
Dani�l,M, Netherlands
Yvonne,U,Ireland
Eleanor,U,Ireland
Stanisława,F, Poland
Roman,M, Poland
Michael,M,Poland
Maartje,F, Netherlands
Maria,F,Poland
Adriana,F, Netherlands
Franciszka,F, Poland
Martinus,M,Poland
Michael,U,Ireland
Dirk,M, Netherlands
Arnoldus,M, Netherlands
Anna,F,Poland
Jan,M, Netherlands
Adriana,F, Netherlands
Susan,U,Ireland
William,U,Ireland
Cornelis,M, Netherlands
Jacob,M, Netherlands
Hendrikus,M, Netherlands
Johanna,F, Netherlands
Antonius,M, Netherlands
Willem,M, Netherlands
Maria,F, Netherlands
Wojciech,M, Poland
Gijsbert,M, Netherlands
Berendina,F, Netherlands
Casimira,F,Poland
Quinlan,U,Ireland
Edward,U,Ireland
Bridget,U,Ireland
Jacobus,M, Netherlands
Hilda,U,Ireland
Stanislava,F,Poland
Paulina,F,Poland
Mary,U,Ireland
Carolina,F,Poland
Heiltje,F, Netherlands
Małgorzata,F, Poland
J�zef,M, Poland
Patrick,U,Ireland
Josephus,M,Poland
Ulysses,U,Ireland
Antonius,M, Netherlands
James,U,Ireland
Robert,U,Ireland
Antonia,F, Netherlands
Moira,U,Ireland
Elisabeth,F, Netherlands
Stanley,U,Ireland
Kaatje,F, Netherlands
Theodora,F, Netherlands
William,U,Ireland
Robert,U,Ireland
Maria,F, Netherlands
Johannes,M, Netherlands
Hendrikus,M, Netherlands
Daniel,U,Ireland
Hendrik,M, Netherlands
Emilia,F, Poland
Frederik,M, Netherlands
Hendrika,F, Netherlands
Irene,U,Ireland
Jan,M, Netherlands
Jean,M, Netherlands
Reinier,M, Netherlands
Agnes,F,Poland
Rachel,U,Ireland
Harmen,M, Netherlands
Leentje,F, Netherlands
Seweryna,F, Poland
Pouwelina,F, Netherlands
Elizabeth,F, Netherlands
Jenneke,F, Netherlands
Nellie,U,Ireland
Adriaan,M, Netherlands
Maria,F, Netherlands
Lijntje,F, Netherlands
Cornelia,F, Netherlands
Cornelis,M, Netherlands
J�zef,M, Poland
Abraham,M, Netherlands
Arie,M, Netherlands
Johanna,F, Netherlands
Hendrik,M, Netherlands
Czesław,M, Poland
Julianna,F, Poland
Job,M, Netherlands
John,U,Ireland
Engelina,F, Netherlands
Lijntje,F, Netherlands
Jan,M, Netherlands
Piotr,M, Poland
Cornelis,M, Netherlands
Gerrit,M, Netherlands
Stanislaus,M,Poland
Johannes,M, Netherlands
Anna,F,Poland
Antoni,M, Poland
Cornelia,F, Netherlands
Josephus,M,Poland
Maria,F, Netherlands
Teunis,M, Netherlands
Arnoldus,M, Netherlands
Marianna,F, Poland
Francis,U,Ireland
Walenty,M, Poland
Adamus,M,Poland
Ida,F, Netherlands
Christina,F, Netherlands
Franciszka,F, Poland
Michiel,M, Netherlands
Fredrika,F, Netherlands
Mikołaj,M, Poland
Sophia,F,Poland
Alijda,F, Netherlands
Jan,M, Netherlands
Cornelis,M, Netherlands
Cornelia,F, Netherlands
Adriana,F, Netherlands
Johanna,F, Netherlands
Johanna,F, Netherlands
Hendrik,M, Netherlands
Jeanette,U,Ireland
Geertruida,F, Netherlands
Mathilda,F, Netherlands
Johanna,F, Netherlands
Evert,M, Netherlands
Jacob,M, Netherlands
Pieter,M, Netherlands
Willem,M, Netherlands
Jannetje,F, Netherlands
Elisabeth,F, Netherlands
Mary,U,Ireland
Sara,F, Netherlands
Maria,F,Poland
Antonie,M, Netherlands
Thomas,U,Ireland
Pietronella,F, Netherlands
Margaret,U,Ireland
Ellen,U,Ireland
Adriana,F, Netherlands
John,U,Ireland
Adriana,F, Netherlands
Josephus,M,Poland
Ksawera,F, Poland
Agnieszka,F, Poland
Henderika,F, Netherlands
J�zef,M, Poland
Hugh,U,Ireland
Antonina,F,Poland
Helena,F,Poland
Thomas,U,Ireland
Józefa,F, Poland
Jacob,M, Netherlands
Mary,U,Ireland
John,U,Ireland
Antonie,M, Netherlands
Dirk,M, Netherlands
Michael,U,Ireland
Gerrit,M, Netherlands
Elizabeth,F, Netherlands
Władysława,F, Poland
Alberdina,F, Netherlands
Patrick,U,Ireland
Elizabeth,F, Netherlands
Helena,F, Poland
Cornelis,M, Netherlands
Willemijna,F, Netherlands
Atje,F, Netherlands
Jelle,M, Netherlands
Carolina,F,Poland
Marianna,F,Poland
Gerritje,F, Netherlands
Veronica,F,Poland
Mary,U,Ireland
Hendrik,M, Netherlands
Neeltje,F, Netherlands
Hugh,U,Ireland
Franciscus,M, Netherlands
Jaapje,F, Netherlands
Hendrik,M, Netherlands
Adriana,F, Netherlands
Maria,F, Netherlands
Gertrude,U,Ireland
Georgina,U,Ireland
Adalbertus,M,Poland
Arthur,U,Ireland
Wilhelmus,M, Netherlands
Petronella,F, Netherlands
J�zefa,F, Poland
Stanislaus,M,Poland
Bastiaantje,F, Netherlands
Anna,F,Poland
Arnoldus,M, Netherlands
Ladislaus,M,Poland
Jan,M, Netherlands
Heiltje,F, Netherlands
Alberdina,F, Netherlands
Derkje,F, Netherlands
Georg,M, Netherlands
Pieter,M, Netherlands
Frederik,M, Netherlands
Gerrit,M, Netherlands
Stanislaus,M,Poland
Jan,M, Poland
Harriett,U,Ireland
Joannes,M,Poland
Harmen,M, Netherlands
Theodora,F, Netherlands
Catharina,F, Netherlands
Gertrude,U,Ireland
Isaac,U,Ireland
Eamonn,U,Ireland
John,U,Ireland
Thomas,M, Netherlands
Maria,F, Netherlands
Francisca,F,Poland
Bridget,U,Ireland
Evert,M, Netherlands
Stanisław,M, Poland
Francis,U,Ireland
Paulina,F, Netherlands
Agatha,F,Poland
Stanislaus,M,Poland
Paulina,F, Netherlands
Maciej,M, Poland
Gerrit,M, Netherlands
Fransina,F, Netherlands
Jan,M, Poland
John,U,Ireland
Casparus,M, Netherlands
Jospeha,F,Poland
Jan,M, Poland
Jan,M, Netherlands
Susan,U,Ireland
David,U,Ireland
Nicolaus,M,Poland
Hendrika,F, Netherlands
Jan,M, Netherlands
Johan,M, Netherlands
Jacoba,F, Netherlands
Margaret,U,Ireland
Ladislaus,M,Poland
Wilhelmina,F, Netherlands
Pietje,F, Netherlands
Ladislaus,M,Poland
Carolina,F,Poland
Stanislaus,M,Poland
Genoveffa,F,Poland
Willempje,F, Netherlands
Anna,F, Netherlands
Johanna,F, Netherlands
Marcus,M, Netherlands
Catharina,F, Netherlands
Marius,M, Netherlands
Agnieszka,F, Poland
Geerdina,F, Netherlands
Marchel,M, Netherlands
Anna,F, Poland
Jacobus,M, Netherlands
Siegfried,M, Netherlands
Francis,U,Ireland
Fanny,U,Ireland
Jossephus,M,Poland
Jan,M, Netherlands
Pietje,F, Netherlands
Patrick,U,Ireland
Kate,U,Ireland
Tijtje,F, Netherlands
Wilhelmus,M, Netherlands
Jane,U,Ireland
Henry,U,Ireland
Lena,F, Netherlands
Samuel,M, Netherlands
Martha,F,Poland
Martina,F, Netherlands
Yvonne,U,Ireland
Pieter,M, Netherlands
Agnieszka,F, Poland
Sarah,F, Netherlands
Catharina,F,Poland
Arie,M, Netherlands
Juan,M, Netherlands
Jadwiga,F, Poland
Susanna,F, Netherlands
Phocas,M, Netherlands
Josephus,M,Poland
James,U,Ireland
Leo,U,Ireland
Aleksandra,F, Poland
Rosalia,F,Poland
James,U,Ireland
Suzanna,F, Netherlands
Johanna,F, Netherlands
Pieter,M, Netherlands
Stanislaus,M,Poland
Edward,U,Ireland
Petronella,F, Netherlands
Hugh,U,Ireland
Adrianus,M, Netherlands
Willem,M, Netherlands
Maria,F, Netherlands
Pieter,M, Netherlands
Neeltje,F, Netherlands
Ladislaus,M,Poland
Maria,F, Netherlands
Barbara,F, Poland
Willem,M, Netherlands
Johannes,M, Netherlands
Pieter,M, Netherlands
Katarzyna,F, Poland
Albert,U,Ireland
Marrigje,F, Netherlands
Arie,M, Netherlands
Franciscus,M,Poland
Hugh,U,Ireland
Agnieszka,F, Poland
Hendrik,M, Netherlands
Maria,F, Netherlands
Cornelis,M, Netherlands
Sara,F, Netherlands
Cornelia,F, Netherlands
Antoni,M, Poland
Jan,M, Netherlands
Catharina,F, Netherlands
Jacob,M, Netherlands
Aartje,F, Netherlands
Evert,M, Netherlands
Martinus,M, Netherlands
Jan,M, Netherlands
Gerritje,F, Netherlands
,U, Poland
Bronislava,F,Poland
Janke,F, Netherlands
Lillian,U,Ireland
George,U,Ireland
Stanislaus,M,Poland
Andreas,M,Poland
Elizabeth,F, Netherlands
Dina,F, Netherlands
Kazimiera,F, Poland
Hermanus,M, Netherlands
Elisabeth,F, Netherlands
Carl,M, Netherlands
Maarten,M, Netherlands
Marianna,F, Poland
Andrew,U,Ireland
Queenie,U,Ireland
Jan,M, Poland
Johanna,F, Netherlands
Catharina,F,Poland
Mary,U,Ireland
Maria,F, Netherlands
Margje,F, Netherlands
Helena,F,Poland
Pieter,M, Netherlands
Yvonne,U,Ireland
Jan,M, Netherlands
Gerardus,M, Netherlands
Myer,U,Ireland
Maria,F, Netherlands
Jan,M, Poland
Cornelis,M, Netherlands
Margaret,U,Ireland
Arnoldus,M, Netherlands
Adriana,F, Netherlands
Johanna,F, Netherlands
Barend,M, Netherlands
David,U,Ireland
Jane,U,Ireland
Adriaan,M, Netherlands
Franciscus,M, Netherlands
Anton,M, Netherlands
Celina,F, Netherlands
Lambertus,M, Netherlands
David,M, Netherlands
Laura,U,Ireland
Johanna,F, Netherlands
Daniel,U,Ireland
Antoni,M, Poland
David,M, Netherlands
Catharina,F,Poland
Thomas,U,Ireland
Geertje,F, Netherlands
Catharina,F, Netherlands
Maria,F, Netherlands
Florence,U,Ireland
Angela,F,Poland
Elizabeth,F, Netherlands
Anton,M, Netherlands
Adriana,F, Netherlands
Frederik,M, Netherlands
Carl,M, Netherlands
Leon,M, Poland
Hermanus,M, Netherlands
Elisabeth,F, Netherlands
Willemijntje,F, Netherlands
Arie,M, Netherlands
Cornelis,M, Netherlands
Johanna,F, Netherlands
Deborah,U,Ireland
Ynyr,U,Ireland
Sarah,U,Ireland
Dorothy,U,Ireland
Joost,M, Netherlands
Hendrika,F, Netherlands
Wilhelmina,F, Netherlands
Frederick,U,Ireland
Jacobus,M, Netherlands
Cornelis,M, Netherlands
Alfred,U,Ireland
Jan,M, Poland
Alice,U,Ireland
Peter,U,Ireland
Barbara,F, Poland
Female,U,Ireland
Franciszka,F, Poland
Krijntje,F, Netherlands
Wilhelmina,F, Netherlands
Katarzyna,F, Poland
Susan,U,Ireland
Leendert,M, Netherlands
Adalbertus,M,Poland
James,U,Ireland
John,U,Ireland
Helena,F, Poland
Arie,M, Netherlands
Józef,M, Poland
Anna,F, Netherlands
David,U,Ireland
Maria,F,Poland
Digna,F, Netherlands
Engelbert,M, Netherlands
Antonius,M, Netherlands
Johan,M, Netherlands
Maria,F,Poland
Geertruida,F, Netherlands
Hilia,F, Netherlands
Maria,F, Netherlands
Anna,F, Poland
Mary,U,Ireland
William,U,Ireland
Patrick,U,Ireland
John,U,Ireland
Maria,F,Poland
Maria,F, Netherlands
Rebecca,U,Ireland
Johanna,F, Netherlands
Catharina,F, Netherlands
Hendrik,M, Netherlands
Sara,F, Netherlands
Jacoba,F, Netherlands
Lena,F, Netherlands
Ludovica,F,Poland
Dirk,M, Netherlands
Pieter,M, Netherlands
James,U,Ireland
Maurits,M, Netherlands
Maria,U,Poland
Adlabertus,M,Poland
Petrus,M, Netherlands
Jan,M, Netherlands
Annetje,F, Netherlands
Geertruida,F, Netherlands
Cornelia,F, Netherlands
Dirk,M, Netherlands
Leendert,M, Netherlands
Arie,M, Netherlands
Joannes,M,Poland
Johannes,M, Netherlands
Marrigje,F, Netherlands
Anna,F, Netherlands
Maria,F,Poland
Jan,M, Poland
Adriana,F, Netherlands
Bridget,U,Ireland
Bridget,U,Ireland
Maria,F, Netherlands
Johannis,M, Netherlands
Jan,M, Netherlands
Ida,U,Ireland
Cornelia,F, Netherlands
Anna,F,Poland
Ludovicus,U,Poland
Agnes,U,Ireland
Joseph,M, Netherlands
Ladislaus,M,Poland
Leentje,F, Netherlands
Johanna,F, Netherlands
Peter,U,Ireland
Agnieszka,F, Poland
Trijntje,F, Netherlands
Willem,M, Netherlands
Margaret,U,Ireland
Antonius,M, Netherlands
Anthonia,F, Netherlands
Stanislaus,M,Poland
Gerardus,M, Netherlands
Adriana,F, Netherlands
Herbert,U,Ireland
Hendrik,M, Netherlands
Johanna,F, Netherlands
Ellen,U,Ireland
Grietje,F, Netherlands
Paweł,M, Poland
Wouterina,F, Netherlands
Wilhelmina,F, Netherlands
Skura,F,Poland
Hendrika,F, Netherlands
Marianna,F, Netherlands
Willem,M, Netherlands
Jan,M, Poland
Marianne,U,Ireland
Lily,U,Ireland
Marinus,M, Netherlands
Franciscus,M,Poland
Ida,U,Ireland
Ryszard,M, Poland
Kate,U,Ireland
Hendrik,M, Netherlands
Johanna,F, Netherlands
Meijndert,M, Netherlands
Antonius,M, Netherlands
Marianna,F,Poland
Lena,F, Netherlands
Philippus,M, Netherlands
Baukje,F, Netherlands
Baaltje,F, Netherlands
Josephus,M, Netherlands
Jacob,M, Netherlands
Marianna,F, Poland
Geertrui,F, Netherlands
Nicolaas,M, Netherlands
Pieter,M, Netherlands
Johannes,M, Netherlands
Hendrika,F, Netherlands
Jetske,F, Netherlands
Heijman,M, Netherlands
Arnoldus,M, Netherlands
Johanna,F, Netherlands
Christiaan,M, Netherlands
Pieter,M, Netherlands
Helena,F, Poland
Helena,F,Poland
Pieternella,F, Netherlands
Kate,U,Ireland
Daniel,U,Ireland
Johannes,M, Netherlands
Yvette,U,Ireland
Patrick,U,Ireland
Stanisława,F, Poland
Lizzie,U,Ireland
Etheline,U,Ireland
Teofil,M, Poland
Bronistawa,F,Poland
Pieter,M, Netherlands
Ellen,U,Ireland
Elizabeth,F, Netherlands
Augustinus,M, Netherlands
Johannes,M, Netherlands
Antonius,M,Poland
Johannes,M, Netherlands
Una,U,Ireland
Michalina,F, Poland
Joannes,M,Poland
Cornelis,M, Netherlands
Maria,F,Poland
John,U,Ireland
Jan,M, Poland
Rudolph,M, Netherlands
Johanna,F, Netherlands
Francis,U,Ireland
Anna,F,Poland
Pieternella,F, Netherlands
Roelof,M, Netherlands
Stefan,M, Poland
Stephania,F,Poland
Adriana,F, Netherlands
Benedictus,M, Netherlands
Maartje,F, Netherlands
Kornelis,M, Netherlands
Jan,M, Netherlands
Catharina,F, Netherlands
Henderika,F, Netherlands
Susan,U,Ireland
Willem,M, Netherlands
Franciscus,M,Poland
Margarita,F,Poland
Albina,F,Poland
Stephania,F,Poland
Adriana,F, Netherlands
Cornelis,M, Netherlands
Antonia,F, Netherlands
Teunis,M, Netherlands
George,U,Ireland
Ludovicus,M,Poland
Arie,M, Netherlands
Jan,M, Netherlands
Pieter,M, Netherlands
Winifred,U,Ireland
Godefridus,M, Netherlands
Antonia,F, Netherlands
George,U,Ireland
Anthonij,M, Netherlands
Bronislava,M,Poland
Wilhelmus,M, Netherlands
Eliza,U,Ireland
Willemijntje,F, Netherlands
Boudewijn,M, Netherlands
Jan,M, Netherlands
Hendrikus,M, Netherlands
Jan,M, Poland
Mary,U,Ireland
Klaas,M, Netherlands
Adriaan,M, Netherlands
Josephus,M,Poland
Elisabeth,F, Netherlands
Patrick,U,Ireland
Andrew,U,Ireland
Johan,M, Netherlands
Stanislaus,M,Poland
Josephus,M,Poland
Petrus,M, Netherlands
Gerrit,M, Netherlands
Bernard,U,Ireland
Saartje,F, Netherlands
Aaltje,F, Netherlands
Rozalia,F, Poland
Stephanus,M,Poland
Gerardus,M, Netherlands
Wilhelmina,F, Netherlands
Regina,F,Poland
James,U,Ireland
Johannes,M, Netherlands
Adrianus,M, Netherlands
Leendert,M, Netherlands
Gerrit,M, Netherlands
Anna,F, Netherlands
Krijntje,F, Netherlands
Martha,U,Ireland
Pieter,M, Netherlands
Tijs,M, Netherlands
Willem,M, Netherlands
Dingena,F, Netherlands
Leokadja,F, Poland
Katarzyna,F, Poland
Marianna,F, Poland
Josina,F, Netherlands
Rudolf,M, Netherlands
Michael,U,Ireland
Nelia,F, Netherlands
Fredrika,F, Netherlands
Hendrik,M, Netherlands
Marinus,M, Netherlands
Jobje,F, Netherlands
Leendert,M, Netherlands
Pieter,M, Netherlands
Thomas,U,Ireland
Janina,F, Poland
Anna,F, Netherlands
Willem,M, Netherlands
Abraham,M, Netherlands
Antonie,M, Netherlands
Michael,U,Ireland
Freda,U,Ireland
Maartje,F, Netherlands
Maria,F, Netherlands
Laurentius,M,Poland
Franciscus,M, Netherlands
Ambrosius,M, Netherlands
Sara,F, Netherlands
Herman,M, Netherlands
Adam,M, Poland
Josephus,M,Poland
Bernardina,F, Netherlands
J�zefa,F, Poland
Lambertus,M, Netherlands
Jerzy,M, Poland
Johanna,F, Netherlands
Patrick,U,Ireland
Geertruida,F, Netherlands
Helena,F, Poland
Josephus,M,Poland
Hermann,M, Netherlands
Paweł,M, Poland
Stanisław,M, Poland
Elizabeth,U,Ireland
Willemina,F, Netherlands
Charlotte,U,Ireland
Cornelia,F, Netherlands
Alexander,U,Ireland
Jan,M, Netherlands
Eltje,M, Netherlands
Una,U,Ireland
Willem,M, Netherlands
David,U,Ireland
Catharina,F, Netherlands
Philippus,M, Netherlands
Alexander,M,Poland
Janina,F, Poland
Lena,F, Netherlands
Cornelia,F, Netherlands
Cornelis,M, Netherlands
Maria,F, Netherlands
Sophia,F,Poland
Gerardus,M, Netherlands
Joanna,F, Netherlands
Teunis,M, Netherlands
Vera,U,Ireland
Hendrika,F, Netherlands
Adriana,F, Netherlands
Maarten,M, Netherlands
Irene,U,Ireland
Una,U,Ireland
Peter,U,Ireland
Josephus,M, Netherlands
Christina,F, Netherlands
Theodorus,M, Netherlands
Casper,M, Netherlands
Bernard,U,Ireland
Johannes,M, Netherlands
Joannes,M,Poland
Joannes,M,Poland
Margaret,U,Ireland
Josephus,M,Poland
Wilhelmina,F, Netherlands
Geertruida,F, Netherlands
Joannes,M,Poland
Isobel,U,Ireland
William,M, Netherlands
Violet,U,Ireland
Jacobus,M, Netherlands
Teodora,F, Netherlands
Gerrit,M, Netherlands
Female,U,Ireland
Patrick,U,Ireland
Arie,M, Netherlands
Mateusz,M, Poland
Adriana,F, Netherlands
Adrianus,M, Netherlands
Angenietje,F, Netherlands
Adriana,F, Netherlands
Franciscus,M,Poland
Johannes,M, Netherlands
Jan,M, Poland
Stanislaus,M,Poland
Samuel,U,Ireland
Maria,F, Netherlands
Eva,F, Netherlands
Alice,U,Ireland
Paulina,F, Netherlands
Cornelia,F, Netherlands
Auguste,F, Netherlands
Jan,M, Poland
Teresa,U,Ireland
Pietje,F, Netherlands
Jannigje,F, Netherlands
Robert,U,Ireland
Gerard,M, Netherlands
Kathleen,U,Ireland
Johanna,F, Netherlands
Pieternella,F, Netherlands
Petronella,F, Netherlands
Hendrikus,M, Netherlands
Elisabeth,F, Netherlands
Joseph,M,Poland
Lijntje,F, Netherlands
Francisca,F,Poland
Muriel,U,Ireland
Denis,U,Ireland
Antonius,M, Netherlands
Maria,F, Netherlands
Arnolda,F, Netherlands
George,U,Ireland
Augustus,U,Poland
Cornelis,M, Netherlands
Johanna,F, Netherlands
Władysława,F, Poland
Antonius,M,Poland
Henriette,F, Netherlands
Johanna,F, Netherlands
Johannes,M, Netherlands
Doetje,F, Netherlands
Cornelia,F, Netherlands
Willem,M, Netherlands
Stephania,F,Poland
Ladislaus,M,Poland
Joannes,M,Poland
Pieter,M, Netherlands
Bernardina,F, Netherlands
Wilhelmina,F, Netherlands
Yovanne,U,Ireland
Johanna,F, Netherlands
Ignacy,M, Poland
Bartholomeus,M, Netherlands
Clasina,F, Netherlands
Josepha,F,Poland
Cornelia,F, Netherlands
Theodora,F, Netherlands
Henry,U,Ireland
Antonina,F, Poland
Johanna,F, Netherlands
Karol,M, Poland
Stanislaus,M,Poland
Cornelis,M, Netherlands
Joannes,M,Poland
Peter,M, Netherlands
Gerardus,M, Netherlands
Ingetje,F, Netherlands
Aalbert,M, Netherlands
Adam,M, Poland
Arij,M, Netherlands
Piotr,M, Poland
George,M, Netherlands
John,U,Ireland
Petrus,M, Netherlands
Leendert,M, Netherlands
Patrick,U,Ireland
Eleonora,F,Poland
Pieter,M, Netherlands
Pieter,M, Netherlands
Elisabeth,F, Netherlands
Pieter,M, Netherlands
John,U,Ireland
Josephine,U,Ireland
Marianna,F,Poland
Victoria,F,Poland
Josephus,M, Netherlands
Cornelis,M, Netherlands
Clasina,F, Netherlands
Sara,F, Netherlands
Wacław,M, Poland
Willem,M, Netherlands
Gerardus,M, Netherlands
Adrianus,M, Netherlands
Alexander,U,Ireland
Joannes,M,Poland
Aleksander,M, Poland
Adelajda,F,Poland
Johannes,M, Netherlands
Adrianus,M, Netherlands
Joseph,M,Poland
Neeltje,F, Netherlands
Florence,U,Ireland
Jan,M, Netherlands
Ladislaus,M,Poland
Gouke,M, Netherlands
Jacobus,M, Netherlands
Pieter,M, Netherlands
Arthur,U,Ireland
Maria,F, Netherlands
Jan,M, Netherlands
Anna,F, Netherlands
Elisabeth,F, Netherlands
Casimirus,M,Poland
Murk,M, Netherlands
John,U,Ireland
Elizabeth,U,Ireland
Stanisław,M, Poland
Thomas,M,Poland
Maria,F, Netherlands
Johan,M, Netherlands
Grietje,F, Netherlands
Arie,M, Netherlands
Elizabeth,F, Netherlands
Nicholas,U,Ireland
Arij,M, Netherlands
Gerrit,M, Netherlands
Stephanus,M,Poland
Anna,F, Poland
Joseph,U,Ireland
Adriaantje,F, Netherlands
Cornelia,F, Netherlands
Cunegundis,M,Poland
Marinus,M, Netherlands
Jan,M, Netherlands
Gerrit,M, Netherlands
Cornelis,M, Netherlands
Johannes,M, Netherlands
Jacobus,M, Netherlands
Patrick,U,Ireland
Quinta,U,Ireland
Edwarda,F, Poland
Thomas,U,Ireland
Jantje,F, Netherlands
Thomas,U,Ireland
Jan,M, Netherlands
Anna,F, Netherlands
Eva,F,Poland
Janina,F, Poland
Bronisława,F, Poland
Teresia,F,Poland
Leon,M,Poland
Dirk,M, Netherlands
Johannes,M, Netherlands
Arend,M, Netherlands
Salomea,F,Poland
Arnolda,F, Netherlands
,U, Poland
Annie,U,Ireland
Maria,F,Poland
Lambert,M, Netherlands
Józef,M, Poland
Arie,M, Netherlands
Kathleen,U,Ireland
Margaretha,F, Netherlands
George,M, Netherlands
Anne,U,Ireland
Jo�l,M, Netherlands
Ewa,F, Poland
Wilhelm,M, Netherlands
Aaltje,F, Netherlands
Otto,M, Netherlands
Adolph,M, Netherlands
Marinus,M, Netherlands
Marianna,F, Poland
Maria,F, Netherlands
Ewa,F, Poland
Arie,M, Netherlands
Maaike,F, Netherlands
Antonius,M,Poland
Hendrikus,M, Netherlands
Johannes,M, Netherlands
Marianna,F, Poland
Jacoba,F, Netherlands
Annie,U,Ireland
George,U,Ireland
Katarzyna,F, Poland
Maggie,U,Ireland
Cornelis,M, Netherlands
Anna,F,Poland
Jantje,F, Netherlands
Hoyte,M, Netherlands
Martinus,M, Netherlands
Jobje,F, Netherlands
Gerrit,M, Netherlands
Jacobus,M, Netherlands
Maria,F, Poland
Willemijntje,F, Netherlands
Waldemar,M, Netherlands
Franciscus,M, Netherlands
Jacoba,F, Netherlands
Gerrit,M, Netherlands
Robert,U,Ireland
Geertruida,F, Netherlands
Josephus,M,Poland
Grace,U,Ireland
Ladislaus,M,Poland
Dirk,M, Netherlands
Pieter,M, Netherlands
Annetje,F, Netherlands
Dirk,M, Netherlands
Sophia,F, Netherlands
Stępień,F, Poland
Eliza,U,Ireland
Johannes,M, Netherlands
Quinton,U,Ireland
Helena,F,Poland
Kathleen,U,Ireland
Nicolaas,M, Netherlands
Casper,M, Netherlands
Johanna,F, Netherlands
Henriette,F, Netherlands
Stanislaus,M,Poland
Paul,U,Ireland
Francis,U,Ireland
Johan,M, Netherlands
Johan,M, Netherlands
Hendrikus,M, Netherlands
Hendrikje,F, Netherlands
Alida,F, Netherlands
Pieter,M, Netherlands
Heiltje,F, Netherlands
Tomas,M,Poland
Laurina,F, Netherlands
Kathleen,U,Ireland
Marianna,F, Poland
Willem,M, Netherlands
Cornelis,M, Netherlands
Marianna,F, Poland
Pieternella,F, Netherlands
Margaret,U,Ireland
Sophia,F,Poland
Jozef,M, Netherlands
Fredrik,M, Netherlands
Catharina,F,Poland
John,U,Ireland
Maria,F, Netherlands
Willem,M, Netherlands
Jacobus,M, Netherlands
Hendrikus,M, Netherlands
Maria,F, Netherlands
Daniel,M, Netherlands
Johanna,F, Netherlands
Antje,F, Netherlands
Cornelis,M, Netherlands
Maria,F, Netherlands
Anna,F, Netherlands
Anna,F, Netherlands
Catharina,F, Netherlands
Cornelia,F, Netherlands
John,U,Ireland
Arie,M, Netherlands
James,U,Ireland
Walentyna,F, Poland
Johannes,M, Netherlands
Patrick,U,Ireland
Alida,F, Netherlands
Martinus,M, Netherlands
Martha,F, Netherlands
Cornelis,M, Netherlands
Philibert,M, Netherlands
Gerard,M, Netherlands
Wouter,M, Netherlands
Bridget,U,Ireland
Nicolaas,M, Netherlands
Andrzej,M, Poland
Johannes,M, Netherlands
Eliza,U,Ireland
Kate,U,Ireland
J�zef,M, Poland
Adriana,F, Netherlands
Gerritje,F, Netherlands
Leonard,M, Netherlands
Anton,M, Netherlands
Cornelia,F, Netherlands
Con,U,Ireland
Jacobus,M, Netherlands
Henry,U,Ireland
Sarah,U,Ireland
Louwine,F, Netherlands
Jan,M, Netherlands
Neeltje,F, Netherlands
Hugh,U,Ireland
Cornelis,M, Netherlands
Sietje,F, Netherlands
Josephus,M,Poland
Louisa,U,Ireland
Barend,M, Netherlands
Rose,U,Ireland
Jan,M, Netherlands
Johanna,F, Netherlands
Stanisław,M, Poland
Sietje,F, Netherlands
Joanna,F,Poland
Cornelia,F, Netherlands
Female,U,Ireland
Matilda,U,Ireland
Patrick,U,Ireland
Alexander,U,Ireland
Klaas,M, Netherlands
Sarah,U,Ireland
Katharina,F, Netherlands
Maria,F, Netherlands
Pietje,F, Netherlands
Hermanus,M, Netherlands
Hendrika,F, Netherlands
Isabella,U,Ireland
Johannes,M, Netherlands
Katarzyna,F, Poland
Sophia,F, Netherlands
Aaltje,F, Netherlands
Joseph,U,Ireland
Maria,F, Netherlands
Adriaan,M, Netherlands
Johannes,M, Netherlands
Adriana,F, Netherlands
Esther,F, Netherlands
Alida,F, Netherlands
Elsje,F, Netherlands
Johannes,M, Netherlands
Skraiński,F, Poland
Adrianus,M, Netherlands
Barend,M, Netherlands
Herman,M, Netherlands
Joannes,M,Poland
Paulina,F, Poland
Jacoba,F, Netherlands
Hendrikus,M, Netherlands
Johannes,M, Netherlands
Margaret,U,Ireland
Hans,U,Ireland
Wilhelm,M, Netherlands
Ursula,U,Ireland
James,U,Ireland
Johannes,M, Netherlands
Samuel,U,Ireland
Cornelis,M, Netherlands
Ernest,U,Ireland
Gerrit,M, Netherlands
Gerardina,F, Netherlands
Quale,U,Ireland
Helena,U,Ireland
Isabella,U,Ireland
Adamczyk,M,Poland
Hinrietta,F, Netherlands
Irena,F, Poland
Johanna,F, Netherlands
Hendrikje,F, Netherlands
Sarah,U,Ireland
Jannigje,F, Netherlands
Pieter,M, Netherlands
Josepha,F,Poland
Ladislaus,M,Poland
John,U,Ireland
Mary,U,Ireland
Joannes,M,Poland
Hendricus,M, Netherlands
Maria,F, Netherlands
Engelbertus,M, Netherlands
Casimira,M,Poland
Carolina,F,Poland
Johan,M, Netherlands
Gertrude,U,Ireland
Elisabeth,F, Netherlands
Annie,U,Ireland
Antonius,M,Poland
Stanisław,M, Poland
Janina,F, Poland
Willem,M, Netherlands
Elizabeth,U,Ireland
Elizabeth,F, Netherlands
Willem,M, Netherlands
Catharina,F, Netherlands
Agnes,U,Ireland
Leentje,F, Netherlands
Francis,U,Ireland
Gerardus,M, Netherlands
Anna,F,Poland
Willem,M, Netherlands
Cornelis,M, Netherlands
Pieter,M, Netherlands
Anne,U,Ireland
Willem,M, Netherlands
Catherine,U,Ireland
Woutrina,F, Netherlands
Bolesław,M, Poland
Patrick,U,Ireland
Georgius,M, Netherlands
Marcin,M, Poland
Ignacy,M, Poland
Szymon,M, Poland
Auguste,F, Netherlands
Hillegje,F, Netherlands
Anastasia,F,Poland
Anna,F,Poland
Patrick,U,Ireland
Marianna,F,Poland
Margrita,F, Netherlands
Antoni,M, Poland
Johanna,F, Netherlands
J�zef,M, Poland
Petrus,M,Poland
Johannes,M, Netherlands
George,U,Ireland
Francisca,F,Poland
Friedrich,M, Netherlands
Gerrit,M, Netherlands
Christina,F, Netherlands
Douwe,M, Netherlands
Alida,F, Netherlands
Maria,F, Netherlands
Elizabeth,U,Ireland
Johanna,F, Netherlands
Arina,F, Netherlands
Francina,F, Netherlands
Albert,M, Netherlands
Pieternella,F, Netherlands
Skapor,U,Poland
Gerrit,M, Netherlands
Jan,M, Poland
Jan,M, Netherlands
Pieter,M, Netherlands
Michał,M, Poland
Andrew,U,Ireland
Johanna,F, Netherlands
Jan,M, Netherlands
Jaantje,F, Netherlands
Maria,F, Netherlands
Mabel,U,Ireland
Cornelia,F, Netherlands
Cornelis,M, Netherlands
Jan,M, Netherlands
Arnold,M, Netherlands
Franciscus,M, Netherlands
Yola,U,Ireland
Petronela,F, Poland
Maggie,U,Ireland
Elisabeth,F, Netherlands
Neeltje,F, Netherlands
Johanna,F, Netherlands
Hendrikus,M, Netherlands
Cornelia,F, Netherlands
Adriaan,M, Netherlands
Margaretha,F, Netherlands
Hendrikus,M, Netherlands
Dirk,M, Netherlands
Maria,F, Netherlands
Stanisława,F, Poland
Antonius,M, Netherlands
Joseph,M, Netherlands
Willem,M, Netherlands
Pietertje,F, Netherlands
Johannes,M, Netherlands
Stanisław,M, Poland
Valentinus,M,Poland
Neeltje,F, Netherlands
Jan,M, Netherlands
Catharina,F, Netherlands
Willem,M, Netherlands
Antonie,M, Netherlands
Stanislaus,M,Poland
Cornelia,F, Netherlands
Janina,F, Poland
Johanna,F, Netherlands
Bronislava,F,Poland
Helena,F, Poland
Cunegundis,F,Poland
Anna,F, Netherlands
Ladislaus,M,Poland
Michael,U,Ireland
Huberta,F, Netherlands
Neeltje,F, Netherlands
Quintan,U,Ireland
Dingenus,M, Netherlands
Queenie,U,Ireland
Stephen,U,Ireland
Antonina,F, Poland
Marianna,F,Poland
Jan,M, Netherlands
Helena,F,Poland
George,M, Netherlands
Betje,F, Netherlands
Josephus,M,Poland
Marianna,F, Poland
Leendert,M, Netherlands
Judith,F, Netherlands
Annigina,F, Netherlands
Johanna,F, Netherlands
Maria,F, Netherlands
Pieter,M, Netherlands
Johannes,M, Netherlands
Petrus,M, Netherlands
Trojan,F,Poland
Bronislava,F,Poland
Janet,U,Ireland
Yolande,U,Ireland
Katarzyna,F, Poland
Antoon,M, Netherlands
Jacobus,M, Netherlands
George,U,Ireland
Sophia,F, Netherlands
Hendrik,M, Netherlands
Leona,F,Poland
Michael,U,Ireland
Fredrik,M, Netherlands
Gerritje,F, Netherlands
Anna,F, Poland
Dirkje,F, Netherlands
Hendrik,M, Netherlands
Dingenis,M, Netherlands
Helena,F, Netherlands
Herman,M, Netherlands
Jan,M, Poland
Neeltje,F, Netherlands
Ladislaus,M,Poland
Strepka,M,Poland
Lizzie,U,Ireland
Waleria,F, Poland
Patrick,U,Ireland
Elizabeth,F, Netherlands
Józef,M, Poland
Peter,U,Ireland
Bridget,U,Ireland
Gerrit,M, Netherlands
Samuel,U,Ireland
Hendrika,F, Netherlands
Willemina,F, Netherlands
Janina,F, Poland
Lena,F, Netherlands
Pieter,M, Netherlands
Jacob,M, Netherlands
Neeltje,F, Netherlands
Willemina,F, Netherlands
Hermanus,M, Netherlands
Willem,M, Netherlands
Adriana,F, Netherlands
Johanna,F, Netherlands
Maggie,U,Ireland
Stanisław,M, Poland
Gerardus,M, Netherlands
Auke,M, Netherlands
J�zef,M, Poland
Bridget,U,Ireland
Mary,U,Ireland
Adriana,F, Netherlands
Ursula,U,Ireland
Mary,U,Ireland
Willemijntje,F, Netherlands
Bronislava,F,Poland
Katarzyna,F, Poland
Stanislaa,M,Poland
Irene,U,Ireland
Lily,U,Ireland
Dorothy,U,Ireland
Agnieszka,F, Poland
Josephina,F, Netherlands
Natalia,F, Netherlands
Joannes,M,Poland
Mary,U,Ireland
Charles,M, Netherlands
Stefania,F, Poland
Dirk,M, Netherlands
Willem,M, Netherlands
Jakson,U,Poland
Władysław,M, Poland
Helen,U,Ireland
Marinus,M, Netherlands
Neeltje,F, Netherlands
Edwarda,F, Poland
Mattheus,M, Netherlands
Pleuntje,F, Netherlands
Francis,U,Ireland
Andrzej,M, Poland
Maria,F,Poland
Valentinus,M,Poland
Xavier,U,Ireland
Nanne,M, Netherlands
Stanislaus,M,Poland
Petrus,M, Netherlands
Anna,F, Netherlands
Johannes,M, Netherlands
Jan,M, Poland
Eelke,M, Netherlands
Olive,U,Ireland
Margaret,U,Ireland
Dirk,M, Netherlands
Margaret,U,Ireland
John,U,Ireland
Isabella,U,Ireland
Gerrit,M, Netherlands
Antonius,M,Poland
Klaas,M, Netherlands
Harmina,F, Netherlands
Ernest,U,Ireland
Josephus,M, Netherlands
Vincentius,M,Poland
Alida,F, Netherlands
Frederika,F, Netherlands
Johannes,M, Netherlands
Duifje,F, Netherlands
Cornelia,F, Netherlands
Anna,F, Netherlands
Ursula,U,Ireland
Catharina,F, Netherlands
Hugh,U,Ireland
Petrus,M,Poland
Floris,M, Netherlands
Bernard,U,Ireland
Irene,U,Ireland
Johannes,M, Netherlands
Klara,F, Netherlands
Andreas,M,Poland
Feliks,M, Poland
John,U,Ireland
Gerritje,F, Netherlands
Jan,M, Poland
Elizabeth,F, Netherlands
Jan,M, Netherlands
Marianna,F,Poland
Alida,F, Netherlands
George,U,Ireland
Johannes,M, Netherlands
Sophia,F,Poland
Adlabertus,M,Poland
William,U,Ireland
Cornelia,F, Netherlands
Pelgrom,M, Netherlands
Pieternella,F, Netherlands
Cornelis,M, Netherlands
George,U,Ireland
Jan,M, Netherlands
John,U,Ireland
Adam,M, Poland
James,U,Ireland
Catharina,F, Netherlands
Jacoba,F, Netherlands
George,U,Ireland
Hendrik,M, Netherlands
Maria,F, Netherlands
Abraham,M, Netherlands
Pieter,M, Netherlands
Catherine,U,Ireland
Wilhelmine,F, Netherlands
Petrus,M,Poland
Tadeusz,M, Poland
Josephus,M,Poland
Stanisław,M, Poland
John,U,Ireland
Cocilia,F,Poland
Christoffel,M, Netherlands
Uzzioh,U,Ireland
Arie,M, Netherlands
Bridget,U,Ireland
Dietrich,M, Netherlands
Maria,F, Netherlands
Abraham,M, Netherlands
Willempje,F, Netherlands
Patrick,U,Ireland
Margaretha,F, Netherlands
Ida,F, Netherlands
Johanna,F, Netherlands
Fop,M, Netherlands
Catharina,F,Poland
Wilhelmina,F, Netherlands
Stanisława,F, Poland
Maria,F, Netherlands
Pieter,M, Netherlands
Apolonia,F, Poland
Johannes,M, Netherlands
Adrianus,M, Netherlands
Ladislaus,M,Poland
Tijs,M, Netherlands
Geertje,F, Netherlands
Kathleen,U,Ireland
Maria,F, Netherlands
Francisca,F,Poland
Anthonie,M, Netherlands
Felicie,F, Netherlands
Rose,U,Ireland
Arnolda,F, Netherlands
Cornelis,M, Netherlands
Theodorus,M, Netherlands
Antje,F, Netherlands
Lijntje,F, Netherlands
Jan,M, Netherlands
Maria,F, Netherlands
Arie,M, Netherlands
Elisabeth,F,Poland
Marianna,F,Poland
Margaret,U,Ireland
Sebastian,M, Poland
Adrianus,M, Netherlands
Adrianus,M, Netherlands
Theodorus,M, Netherlands
Wilhelmina,F, Netherlands
Patrick,U,Ireland
Prientje,F, Netherlands
Finbarr,U,Ireland
Joannes,M,Poland
Joseph,U,Ireland
Barbara,F, Netherlands
Helena,F, Poland
Antonie,M, Netherlands
Cornelis,M, Netherlands
Josephus,M,Poland
Hendrik,M, Netherlands
Margaret,U,Ireland
Cornelis,M, Netherlands
Stanisław,M, Poland
Johannes,M, Netherlands
Carolus,M,Poland
Jan,M, Netherlands
Anna,F, Netherlands
Kaatje,F, Netherlands
Aleksandra,F, Poland
Anna,F,Poland
Adriana,F, Netherlands
Pieter,M, Netherlands
Catharina,F,Poland
Jadwiga,F, Poland
Cornelis,M, Netherlands
Willemijntje,F, Netherlands
Willem,M, Netherlands
Jacobus,M, Netherlands
Adriaantje,F, Netherlands
Simon,M, Netherlands
Stephanus,M, Netherlands
Geertrui,F, Netherlands
Fransina,F, Netherlands
Arie,M, Netherlands
Hannah,U,Ireland
Anna,F,Poland
Johannes,M, Netherlands
Boudiene,F, Netherlands
Bronislava,F,Poland
Jan,M, Netherlands
Angela,F,Poland
Una,U,Ireland
Jan,M, Poland
Frederik,M, Netherlands
Martha,U,Ireland
Maria,F, Netherlands
Elisabeth,F, Netherlands
Jacob,M, Netherlands
Annetje,F, Netherlands
Tomasz,M, Poland
Arie,M, Netherlands
Lewis,U,Ireland
Christina,F, Netherlands
Johanna,F, Netherlands
Willem,M, Netherlands
Bronislava,F,Poland
Cornelis,M, Netherlands
Jan,M, Netherlands
Maria,F,Poland
Dirk,M, Netherlands
Hendrik,M, Netherlands
James,U,Ireland
Neeltje,F, Netherlands
Antonina,F, Poland
J�zef,M, Poland
Johanna,F, Netherlands
Edwarda,F, Poland
Joseph,U,Ireland
Florence,U,Ireland
Hendrik,M, Netherlands
Saartje,F, Netherlands
Catharina,F, Netherlands
Abraham,M, Netherlands
Stanisława,F, Poland
Marianna,F, Poland
Peter,U,Ireland
Rose,U,Ireland
Piotr,M, Poland
Wilhelmus,M, Netherlands
Geertje,F, Netherlands
Elizabeth,U,Ireland
Arie,M, Netherlands
Otto,M, Netherlands
Aleida,F, Netherlands
Paweł,M, Poland
Stephanus,M,Poland
Rose,U,Ireland
Dorothy,U,Ireland
Zofia,F, Poland
Wilhelmina,F, Netherlands
Thomas,U,Ireland
Henricus,M, Netherlands
Cornelia,F, Netherlands
Josephus,M,Poland
Robert,U,Ireland
Johanna,F, Netherlands
Hilletje,F, Netherlands
Wilson,U,Ireland
Stanisław,M, Poland
Johanna,F, Netherlands
Una,U,Ireland
Willem,M, Netherlands
Petrus,M, Netherlands
Stanislaus,M,Poland
Violet,U,Ireland
William,U,Ireland
Michał,M, Poland
Una,U,Ireland
Ellen,U,Ireland
Maria,F,Poland
Cornelis,M, Netherlands
Willem,M, Netherlands
Gerardus,M, Netherlands
Queenie,U,Ireland
William,U,Ireland
Wouter,M, Netherlands
Jan,M, Netherlands
Hijme,M, Netherlands
Severinus,M,Poland
Stephania,F,Poland
Antje,F, Netherlands
Johanna,F, Netherlands
Klaas,M, Netherlands
Jacobus,M, Netherlands
Robert,U,Ireland
Daniel,U,Ireland
Margarita,F, Netherlands
Joshua,U,Ireland
Jeneke,F, Netherlands
Grietje,F, Netherlands
Bernard,M, Netherlands
Heintje,F, Netherlands
Bokke,M, Netherlands
Gerrit,M, Netherlands
David,U,Ireland
Antoni,M, Poland
Antonij,M, Netherlands
Dirk,M, Netherlands
,U, Poland
Hendrik,M, Netherlands
Yvone,U,Ireland
Jan,M, Netherlands
Wilhelmina,F, Netherlands
Evert,M, Netherlands
Krijn,M, Netherlands
Barbara,F, Poland
Catharina,F, Netherlands
Annie,U,Ireland
Jan,M, Poland
Joseph,M,Poland
Isobel,U,Ireland
Isabella,F, Netherlands
Isabella,U,Ireland
Carolina,F,Poland
Jacoba,F, Netherlands
Wojciech,M, Poland
Willem,M, Netherlands
Pieternella,F, Netherlands
Josepha,F,Poland
Franciscus,M,Poland
Zygmunt,M, Poland
Kazimiera,F, Poland
Lijntje,F, Netherlands
Hendrika,F, Netherlands
Ewa,F, Poland
Mietje,F, Netherlands
Cornelia,F, Netherlands
Sophia,F,Poland
Antoni,M, Poland
Paweł,M, Poland
Jacoba,F, Netherlands
Stephania,F,Poland
Stanisław,M, Poland
Gerrit,M, Netherlands
Ellen,U,Ireland
Adrianus,M, Netherlands
Johannes,M, Netherlands
Hendricus,M, Netherlands
Joan,U,Ireland
Henri�tte,F, Netherlands
Peter,U,Ireland
Eva,F, Netherlands
Aniela,F, Poland
Maartje,F, Netherlands
Antonina,F, Poland
Bartha,F, Netherlands
Elisabeth,F, Netherlands
Dirkje,F, Netherlands
Victor,M, Netherlands
Bridget,U,Ireland
Jan,M, Netherlands
Elizabeth,F, Netherlands
Mattheus,M, Netherlands
Stanisława,F, Poland
Johannes,M, Netherlands
Jan,M, Poland
Jacobus,M, Netherlands
Marianna,F, Poland
Paulina,F,Poland
Jannigje,F, Netherlands
Johanna,F, Netherlands
Mary,U,Ireland
Anna,F, Netherlands
Isabella,U,Ireland
Eimert,M, Netherlands
Lena,F, Netherlands
Elizabeth,F, Netherlands
Bolesław,M, Poland
Neeltje,F, Netherlands
Marianna,F,Poland
Lijntje,F, Netherlands
David,M, Netherlands
Neeltje,F, Netherlands
Elisabeth,F, Netherlands
Julia,F,Poland
Anthonij,M, Netherlands
Wacław,M, Poland
Femma,F, Netherlands
Margaretha,F, Netherlands
Marianna,F,Poland
Philippus,M, Netherlands
Samuel,U,Ireland
Johanna,F, Netherlands
Stanislaus,M,Poland
Hendrik,M, Netherlands
Quinton,U,Ireland
Petrus,M, Netherlands
Johanna,F, Netherlands
Anne,U,Ireland
Levie,M, Netherlands
Sebastian,M, Poland
George,U,Ireland
Johannes,M, Netherlands
Ellen,U,Ireland
Apollonia,F,Poland
Johannes,M, Netherlands
Cornelis,M, Netherlands
Elizabeth,U,Ireland
Josephus,M,Poland
Mary,U,Ireland
Nicolaas,M, Netherlands
Jannetje,F, Netherlands
Cornelia,F, Netherlands
Bertus,M, Netherlands
Neeltje,F, Netherlands
Johanna,F, Netherlands
Theodorus,M, Netherlands
Cornelis,M, Netherlands
Ludovicus,M,Poland
Arie,M, Netherlands
Joannes,M,Poland
Christoffel,M, Netherlands
Johanna,F, Netherlands
Johannes,M, Netherlands
Cornelis,M, Netherlands
Johanna,F, Netherlands
Freddy,M, Netherlands
Hendrika,F, Netherlands
Joannes,M,Poland
Gerrit,M, Netherlands
Mary,U,Ireland
Annie,U,Ireland
Stanislaus,M,Poland
Johannes,M, Netherlands
George,U,Ireland
Jacobus,M, Netherlands
Johanna,F, Netherlands
Eleonora,F,Poland
Jacob,M, Netherlands
Joseph,M,Poland
Ladislaus,M,Poland
Adrianus,M, Netherlands
Antonia,F, Netherlands
Johanna,F, Netherlands
Nicolaas,M, Netherlands
James,U,Ireland
Franciscus,M,Poland
Maria,F, Netherlands
Patrick,U,Ireland
Adriana,F, Netherlands
Maarten,M, Netherlands
Bernardus,M, Netherlands
Gerrit,M, Netherlands
Maria,F, Netherlands
Hendrikus,M, Netherlands
Mary,U,Ireland
Abraham,M, Netherlands
Adam,M,Poland
Rosalia,F,Poland
Maria,F, Netherlands
Grace,U,Ireland
Edward,U,Ireland
Petrus,M, Netherlands
Catherine,U,Ireland
Annie,U,Ireland
Sarah,U,Ireland
Jan,M, Poland
Antonina,F, Poland
Bronislava,F,Poland
Fransina,F, Netherlands
Elizabeth,F, Netherlands
Christiana,F, Netherlands
John,U,Ireland
Catherine,U,Ireland
Cornelis,M, Netherlands
Johanna,F, Netherlands
Arie,M, Netherlands
Bronisław,M, Poland
Elizabeth,U,Ireland
Stientje,F, Netherlands
Pieternella,F, Netherlands
Cornelis,M, Netherlands
Wilhelmus,M, Netherlands
Hendrika,F, Netherlands
Harmanus,M, Netherlands
Annie,U,Ireland
Honorata,F,Poland
Joannes,M,Poland
Casper,M, Netherlands
Johanna,F, Netherlands
Hendrik,M, Netherlands
Pietje,F, Netherlands
Gerardus,M, Netherlands
Anna,F,Poland
Gladys,U,Ireland
Florence,U,Ireland
Maria,F,Poland
Johanna,F, Netherlands
Cent,M, Netherlands
Dietrich,M, Netherlands
Marianna,F, Poland
Janet,U,Ireland
Cajetanus,M,Poland
Grietje,F, Netherlands
J�zef,M, Poland
Rosalia,F,Poland
Cornelis,M, Netherlands
Marianna,F, Poland
Anna,F,Poland
Thomas,U,Ireland
Jan,M, Netherlands
Isabella,U,Ireland
Johanna,F, Netherlands
Thomas,U,Ireland
Henry,U,Ireland
Hadewij,F, Netherlands
Johanna,F, Netherlands
Helena,F,Poland
Johannes,M, Netherlands
Leona,F,Poland
Sarah,U,Ireland
Joannes,M,Poland
Thomas,U,Ireland
Kazimiera,F, Poland
Edward,U,Ireland
Hermina,F, Netherlands
Joannes,M,Poland
Annie,U,Ireland
Pieter,M, Netherlands
Antje,F, Netherlands
Gerardus,M, Netherlands
Quinlan,U,Ireland
Alice,U,Ireland
Dingena,F, Netherlands
Janina,F, Poland
Michael,U,Ireland
Cornelia,F, Netherlands
M'Cabe,U,Ireland
J�zef,M, Poland
Engelbertus,M, Netherlands
Antoni,M, Poland
John,U,Ireland
Maria,F, Netherlands
Alphonsius,M, Netherlands
Ignacy,M, Poland
Bridget,U,Ireland
Antonie,M, Netherlands
Izaak,M, Netherlands
Mary,U,Ireland
Jane,U,Ireland
Cornelis,M, Netherlands
John,U,Ireland
Joannes,M,Poland
Hendrika,F, Netherlands
Maria,F, Netherlands
Anna,F, Netherlands
Maria,F,Poland
Frederick,U,Ireland
Arie,M, Netherlands
Bertha,F, Netherlands
Max,M, Netherlands
Petronella,F, Netherlands
Evert,M, Netherlands
Gerritdina,F, Netherlands
Susanna,U,Ireland
Adriana,F, Netherlands
Harold,U,Ireland
Johanna,F, Netherlands
Robert,U,Ireland
Dirk,M, Netherlands
Queen,U,Ireland
Eleonora,F,Poland
Katarzyna,F, Poland
Jacob,M, Netherlands
Mary,U,Ireland
Monica,U,Ireland
Cornelis,M, Netherlands
Martinus,M, Netherlands
Tonia,F, Netherlands
Puer,M,Poland
Tadeusz,M, Poland
Joannes,M,Poland
Catherine,U,Ireland
Anna,F, Netherlands
Walter,U,Ireland
Margaret,U,Ireland
Pieter,M, Netherlands
Aafje,F, Netherlands
Miecislaus,M,Poland
Stanisław,M, Poland
Jan,M, Netherlands
Martijntje,F, Netherlands
Mechelina,F, Netherlands
Patrick,U,Ireland
Frances,U,Ireland
Aart,M, Netherlands
Mozes,M, Netherlands
Betje,F, Netherlands
Paweł,M, Poland
Thomas,M,Poland
Gerrit,M, Netherlands
Una,U,Ireland
Jan,M, Netherlands
Helena,F, Poland
Johannes,M, Netherlands
Michael,U,Ireland
Hendrica,F, Netherlands
Franciszek,M, Poland
Willemina,F, Netherlands
Teresa,U,Ireland
Jacobus,M, Netherlands
Sarah,U,Ireland
Ewa,F, Poland
Lionel,U,Ireland
Maarten,M, Netherlands
Michael,M,Poland
David,U,Ireland
Michael,M,Poland
Antonius,M, Netherlands
Jacoba,F, Netherlands
Susanna,F, Netherlands
Michael,M,Poland
Adam,M,Poland
Johannes,M, Netherlands
Maria,F,Poland
Gerrit,M, Netherlands
Wilhelm,M, Netherlands
Quinlan,U,Ireland
Marianna,F,Poland
Lambertus,M, Netherlands
Maarten,M, Netherlands
Cornelia,F, Netherlands
Rose,U,Ireland
Gerrit,M, Netherlands
Jacobus,M, Netherlands
Maria,F, Netherlands
Mary,U,Ireland
Geertruida,F, Netherlands
Joannes,M,Poland
Anna,F, Netherlands
Jan,M, Netherlands
Hendrik,M, Netherlands
Harriet,U,Ireland
Isiah,U,Ireland
Petronella,F, Netherlands
Arij,M, Netherlands
Teuntje,F, Netherlands
Stanisław,M, Poland
Mozes,M, Netherlands
Andrew,U,Ireland
Mary,U,Ireland
Marianna,F, Poland
James,U,Ireland
Francis,U,Ireland
Joannes,M,Poland
Joannes,M,Poland
Menno,M, Netherlands
Catharina,F,Poland
Stanislaus,M,Poland
Mary,U,Ireland
Adriana,F, Netherlands
Martina,F, Netherlands
Petronella,F, Netherlands
Joannes,M,Poland
Johannes,M, Netherlands
Catolina,F, Netherlands
Magdalena,F,Poland
Pieter,M, Netherlands
Everhardus,M, Netherlands
Philippus,M, Netherlands
Hendrikus,M, Netherlands
Marianna,F,Poland
Cornelia,F, Netherlands
Josephus,M, Netherlands
Louis,M, Netherlands
Hugo,M, Netherlands
Petronella,F, Netherlands
Thomas,U,Ireland
Boleslaus,M,Poland
John,U,Ireland
Job,M, Netherlands
Christiaan,M, Netherlands
Lina,F, Netherlands
Aaltje,F, Netherlands
Katarzyna,F, Poland
Adrianus,M, Netherlands
Maarten,M, Netherlands
Bastiaantje,F, Netherlands
Klaas,M, Netherlands
Neeltje,F, Netherlands
Johann,M, Netherlands
Gwendoline,U,Ireland
J�zef,M, Poland
Hermina,F, Netherlands
Pieter,M, Netherlands
Patrick,U,Ireland
Johanna,F, Netherlands
Klara,F, Poland
Antje,F, Netherlands
Johanna,F, Netherlands
Adamus,M,Poland
Janey,U,Ireland
Joanna,F, Netherlands
Stanislaus,M,Poland
Jacoba,F, Netherlands
Romanus,M,Poland
Bastiaantje,F, Netherlands
Gerardus,M, Netherlands
Female,U,Ireland
Anna,F, Netherlands
Jacob,M, Netherlands
Maria,F, Netherlands
Catharina,F,Poland
Jacobus,M, Netherlands
Assuerus,M, Netherlands
Anna,F, Netherlands
Stephania,M,Poland
Aletta,F, Netherlands
Stephanus,M,Poland
Maria,F, Netherlands
Yvonne,U,Ireland
Florence,U,Ireland
Stephania,F,Poland
Elisabetha,F,Poland
Trijntje,F, Netherlands
Marinus,M, Netherlands
Petrus,M,Poland
Lodewijk,M, Netherlands
Jan,M, Netherlands
Ursula,U,Ireland
Samuel,U,Ireland
Julianus,M,Poland
Gerardus,M, Netherlands
Hendrika,F, Netherlands
Elie,M, Netherlands
Casimira,F,Poland
J�zefa,F, Poland
Antonius,M,Poland
Rinze,M, Netherlands
Marianna,F,Poland
Pietertje,F, Netherlands
Pieter,M, Netherlands
Petrus,M, Netherlands
Peter,U,Ireland
Cornelia,F, Netherlands
Jan,M, Netherlands
Daniel,U,Ireland
Wilhelmina,F, Netherlands
Desmond,U,Ireland
Stanislaus,M,Poland
Petrus,M, Netherlands
Israel,M, Netherlands
Edward,M, Poland
Mary,U,Ireland
Beatrix,F, Netherlands
Catharina,F,Poland
Jan,M, Netherlands
Margaret,U,Ireland
Hendrikus,M, Netherlands
Willemijntje,F, Netherlands
Dorothea,F, Netherlands
Gerard,U,Ireland
Nanne,M, Netherlands
Henriette,F, Netherlands
Neeltje,F, Netherlands
Joannes,M,Poland
Johanna,F, Netherlands
Franciscus,M,Poland
Trijntje,F, Netherlands
Eileen,U,Ireland
Ludwika,F, Poland
Thomas,U,Ireland
Neeltje,F, Netherlands
Stanislaus,M,Poland
Annie,U,Ireland
Joanes,M,Poland
Pieter,M, Netherlands
Jacoba,F, Netherlands
Iza�k,M, Netherlands
Johannes,M, Netherlands
Stephanus,M,Poland
Matthijs,M, Netherlands
J�zef,M, Poland
Andries,M, Netherlands
Arij,M, Netherlands
Mary,U,Ireland
Elisabeth,F, Netherlands
Myles,U,Ireland
John,U,Ireland
Johannes,M, Netherlands
Elisabeth,F, Netherlands
Dirk,M, Netherlands
Peter,U,Ireland
Arnolda,F, Netherlands
Maria,F, Netherlands
Jan,M, Poland
Michalina,F, Poland
Friedrich,M, Netherlands
Gerrit,M, Netherlands
Marinus,M, Netherlands
Frans,M, Netherlands
Ladislaus,U,Poland
,U, Poland
Rozalia,F, Poland
Catherine,U,Ireland
Sophia,F,Poland
Antonie,M, Netherlands
Antonius,M,Poland
Anna,U,Ireland
Jaantje,F, Netherlands
James,U,Ireland
Jacobus,M,Poland
Antonius,M, Netherlands
Hendrikus,M, Netherlands
Maria,F, Netherlands
Charianus,F,Poland
Peter,M, Netherlands
Antonina,F,Poland
Kazimiera,F, Poland
Rose,U,Ireland
Kazimierz,M, Poland
Thomas,U,Ireland
Elizabeth,F, Netherlands
Anna,F,Poland
Elizabeth,F, Netherlands
Rachel,U,Ireland
Johanna,F, Netherlands
Wilhelmina,F, Netherlands
Valentinus,M,Poland
Stefan,M, Poland
Ewa,F, Poland
Alida,F, Netherlands
Geertruij,F, Netherlands
Gerrit,M, Netherlands
Sarah,U,Ireland
Karolina,F, Poland
Eileen,U,Ireland
Helena,F, Netherlands
Toreczon,F,Poland
Cornelis,M, Netherlands
Thomas,U,Ireland
Cornelia,F, Netherlands
Female,U,Ireland
Johanna,F, Netherlands
Adam,M, Netherlands
Lucie,F, Netherlands
Pieternella,F, Netherlands
Victoria,F,Poland
Franciszka,F, Poland
Stanislaus,M,Poland
Adrianus,M, Netherlands
Stanisław,M, Poland
Josephus,M,Poland
Eva,U,Ireland
James,U,Ireland
Maria,F, Netherlands
Sophia,F,Poland
Patricia,U,Ireland
Leendert,M, Netherlands
Auguste,F, Netherlands
Jan,M, Netherlands
Patrick,U,Ireland
Julianna,F, Poland
Stanisław,M, Poland
Czesława,F, Poland
Cornelia,F, Netherlands
Aaltje,F, Netherlands
Carolina,F, Netherlands
Bastiaan,M, Netherlands
Queenie,U,Ireland
Hoyte,M, Netherlands
Aaltjen,F, Netherlands
Petrus,M, Netherlands
Pieter,M, Netherlands
Franciscus,M,Poland
Antoinetta,F, Netherlands
Janna,F, Netherlands
Lubbertus,M, Netherlands
Sarah,U,Ireland
Ladislaus,M,Poland
Ladislaus,M,Poland
Alida,F, Netherlands
Josephina,F, Netherlands
Reindert,M, Netherlands
Agnes,F,Poland
Patrick,U,Ireland
Johanna,F, Netherlands
Hermanus,M, Netherlands
Elisabeth,F, Netherlands
Jacobus,M, Netherlands
Johannes,M, Netherlands
Teunis,M, Netherlands
Joannes,M,Poland
Cornelia,F, Netherlands
Sophia,F, Netherlands
Johanna,F, Netherlands
J�zef,M, Poland
Henri,M, Netherlands
Pleuntje,F, Netherlands
Adrianus,M, Netherlands
Anna,U,Ireland
Isaac,U,Ireland
J�zef,M, Poland
Brendan,U,Ireland
Sophia,F,Poland
Cornelis,M, Netherlands
Ladislaus,M,Poland
Matilda,U,Ireland
Kazimiera,F, Poland
Alexander,M,Poland
Marianna,F,Poland
Huibert,M, Netherlands
Franciszka,F, Poland
Abraham,M, Netherlands
Cornelia,F, Netherlands
Adrianus,M, Netherlands
Cecylia,F, Poland
Hendrik,M, Netherlands
Elizabeth,F, Netherlands
Johannes,M, Netherlands
Maria,F, Netherlands
Janina,F, Poland
Marijtje,F, Netherlands
Jannigje,F, Netherlands
Marianna,F,Poland
Willem,M, Netherlands
Leona,F,Poland
Willem,M, Netherlands
Anna,F,Poland
Anna,F, Netherlands
Helena,F, Netherlands
Heiltje,F, Netherlands
Jan,M, Netherlands
Antonia,F, Netherlands
Theunis,M, Netherlands
Jan,M, Poland
Adalbertus,M,Poland
Lodewijk,M, Netherlands
Henrietta,U,Ireland
Theodora,F, Netherlands
Cornelia,F, Netherlands
Kate,U,Ireland
Cornelis,M, Netherlands
Dirk,M, Netherlands
Stanisław,M, Poland
Theodora,F, Netherlands
Jannetje,F, Netherlands
J�zefa,F, Poland
J�zef,M, Poland
Debora,F, Netherlands
Johanna,F, Netherlands
Johannes,M, Netherlands
Robert,U,Ireland
Catharina,F, Netherlands
Adriana,F, Netherlands
Hannah,U,Ireland
Joseph,U,Ireland
Patrick,U,Ireland
Maria,F, Netherlands
Anna,F,Poland
Una,U,Ireland
Maria,F, Netherlands
Zofia,F, Poland
Cornelis,M, Netherlands
Dina,F, Netherlands
Maria,F, Netherlands
Sikke,M, Netherlands
Johan,M, Netherlands
Isabella,U,Ireland
Marianna,F,Poland
Josepha,F,Poland
Margaretha,F, Netherlands
Willem,M, Netherlands
Antonia,F, Netherlands
Johanna,F, Netherlands
Anna,F, Netherlands
Stanislaus,M,Poland
Sophia,F,Poland
Marianus,M,Poland
Josephus,M,Poland
Anthonius,M, Netherlands
Ladislaus,M,Poland
Maria,F, Netherlands
Jan,M, Netherlands
Lucia,F, Netherlands
Robartus,M, Netherlands
Marinus,M, Netherlands
Adrianus,M, Netherlands
Jakobus,M, Netherlands
Jacob,M, Netherlands
Agnes,U,Ireland
Josephus,M,Poland
Paulus,M,Poland
Unity,U,Ireland
Wijnanda,F, Netherlands
Zwaantje,F, Netherlands
Sophia,F,Poland
Ursula,U,Ireland
Jannetje,F, Netherlands
Maaike,F, Netherlands
Geertruida,F, Netherlands
Catharina,F, Netherlands
Franciscus,M, Netherlands
Stephana,F,Poland
Stanislaus,M,Poland
Maria,F, Netherlands
Petrus,M,Poland
Geertruida,F, Netherlands
Elisabeth,F, Netherlands
Wilhelmina,F, Netherlands
Hubertus,M, Netherlands
Meindert,M, Netherlands
Josepha,U,Poland
Petrus,M,Poland
Wilhelmina,F, Netherlands
Michael,U,Ireland
Engelina,F, Netherlands
Willem,M, Netherlands
Bridget,U,Ireland
Valentinus,M,Poland
Czesław,M, Poland
Franciscus,M, Netherlands
Willem,M, Netherlands
Jan,M, Poland
Abraham,M, Netherlands
Fanny,U,Ireland
Tadeusz,M, Poland
Klaas,M, Netherlands
Huibert,M, Netherlands
Bronisława,F, Poland
Adriaan,M, Netherlands
Cornelia,F, Netherlands
Agnieszka,F, Poland
Maggie,U,Ireland
Francis,U,Ireland
Belia,F, Netherlands
Willemina,F, Netherlands
Bridget,U,Ireland
Helena,F,Poland
Stanisław,M, Poland
Agnes,U,Ireland
Anna,F, Netherlands
George,M, Netherlands
