input,result,expected
Wnużka,Poland, Poland
Adair,Ireland,Ireland
Otter,Poland, Netherlands
Łatwińska,Ireland, Poland
Skrzypczyński,Poland, Poland
Skrrekut,Poland,Poland
Str�rmann,Netherlands, Netherlands
Gertrudis,Poland,Poland
M'Cabe,Ireland,Ireland
Akkerman,Ireland, Netherlands
Csimiega,Netherlands,Poland
Rook,Ireland, Netherlands
M'Adam,Ireland,Ireland
Braber,Netherlands, Netherlands
Fase,Poland, Netherlands
Solis,Netherlands, Poland
DeLang,Netherlands, Netherlands
Adams,Ireland,Ireland
Hollander,Netherlands, Netherlands
Sztrepka,Poland,Poland
Sars,Poland, Netherlands
Evertsen,Netherlands, Netherlands
Skorniewski,Netherlands, Poland
Schoutens,Poland, Netherlands
Skowron,Poland,Poland
Rovers,Netherlands, Netherlands
M'Carron,Ireland,Ireland
Sledz,Poland,Poland
Weijers,Poland, Netherlands
Tomala,Poland, Poland
VanDerWerf,Ireland, Netherlands
VanDerPoel,Netherlands, Netherlands
Aijkens,Poland, Netherlands
Adams,Ireland,Ireland
Turek,Poland, Poland
VanEck,Netherlands, Netherlands
Szaezur,Poland,Poland
VanDerEnde,Ireland, Netherlands
Widet,Poland,Poland
Voets,Poland, Netherlands
M'Daid,Ireland,Ireland
DeBes,Ireland, Netherlands
Leeuwestein,Netherlands, Netherlands
VanAalst,Poland, Netherlands
Verschoor,Ireland, Netherlands
DeJong,Poland, Netherlands
Abraham,Ireland,Ireland
M'Cabe,Ireland,Ireland
Bahnerth,Netherlands, Netherlands
Adair,Ireland,Ireland
Skuszieni,Poland,Poland
M'Cadam,Ireland,Ireland
Stabler,Poland, Netherlands
Bek,Poland, Netherlands
Tsonak,Poland,Poland
Źrubek,Netherlands, Poland
Luiken,Ireland, Netherlands
Adair,Ireland,Ireland
Vleeschman,Poland, Netherlands
Slipek,Poland,Poland
Lodders,Poland, Netherlands
M'Carron,Ireland,Ireland
VanVeen,Poland, Netherlands
M'Cabe,Ireland,Ireland
M'Carron,Ireland,Ireland
VanAssendelft,Netherlands, Netherlands
Mennes,Ireland, Netherlands
VanDenAssem,Poland, Netherlands
Gaik,Poland,Poland
Crossley,Ireland,Ireland
Boekhout,Netherlands, Netherlands
Adams,Ireland,Ireland
Ijzendoorn,Netherlands, Netherlands
Skrzypiec,Poland, Poland
M'Cabe,Ireland,Ireland
VanBoven,Netherlands, Netherlands
Rotmans,Poland, Netherlands
VanSteenis,Poland, Netherlands
Maaskant,Ireland, Netherlands
Sloan,Ireland,Ireland
Cohen,Poland, Netherlands
Schroeijers,Netherlands, Netherlands
Faasse,Poland, Netherlands
Adams,Ireland,Ireland
Koczlaus,Poland,Poland
Hanssen,Netherlands, Netherlands
Bosch,Poland, Netherlands
Thiele,Netherlands, Netherlands
Leentvaar,Ireland, Netherlands
Rivi�re,Poland, Netherlands
Adams,Ireland,Ireland
Abbott,Ireland,Ireland
Adamson,Ireland,Ireland
DeVisser,Poland, Netherlands
Aubroeck,Poland, Netherlands
M'Cadam,Ireland,Ireland
M'Cabe,Ireland,Ireland
Looije,Poland, Netherlands
Bakker,Poland, Netherlands
Sonneveld,Ireland, Netherlands
Adamczyk,Poland,Poland
Buise,Poland, Netherlands
Turek,Poland, Poland
Koster,Ireland, Netherlands
Stefanski,Poland,Poland
M'Cabe,Ireland,Ireland
Trumiński,Poland, Poland
Skowyra,Poland,Poland
Skrzypa,Ireland, Poland
Verhaar,Ireland, Netherlands
Beermann,Poland, Netherlands
Iryzniak,Poland,Poland
VanStraaten,Poland, Netherlands
Ebrill,Ireland,Ireland
Słomka,Poland, Poland
VanDerSchoor,Poland, Netherlands
Skarbek,Poland,Poland
Rabbelier,Poland, Netherlands
Steenhouwer,Netherlands, Netherlands
Hardenbol,Poland, Netherlands
Jaszab,Poland,Poland
Boensma,Poland, Netherlands
M'Cabe,Ireland,Ireland
Szczybak,Poland, Poland
Taffijn,Poland, Netherlands
Sluijter,Poland, Netherlands
Holzhauer,Netherlands, Netherlands
Turczak,Poland,Poland
Biemond,Poland, Netherlands
M'Carron,Ireland,Ireland
DeKort,Poland, Netherlands
Abrahamson,Ireland,Ireland
Abbitt,Ireland,Ireland
M'Cabe,Ireland,Ireland
Bondos,Poland, Poland
Meekers,Poland, Netherlands
Boon,Ireland, Netherlands
Skarbele,Poland,Poland
M'Adam,Ireland,Ireland
Reuhman,Poland, Netherlands
Siwiski,Poland,Poland
Adamczyk,Poland,Poland
Abbott,Ireland,Ireland
Stępień,Ireland, Poland
Sikora,Poland, Poland
Widet,Poland,Poland
Stalec,Poland,Poland
Latała,Ireland, Poland
VanLeer,Netherlands, Netherlands
Steenhoff,Poland, Netherlands
Jabłoński,Poland, Poland
Topor,Poland,Poland
Roggeveen,Ireland, Netherlands
Todrujek,Poland, Poland
Stefański,Poland, Poland
Schouten,Ireland, Netherlands
Streefkerk,Poland, Netherlands
VanVliet,Poland, Netherlands
Stalec,Poland,Poland
Sterkenburg,Netherlands, Netherlands
Abraham,Ireland,Ireland
DeWeijer,Ireland, Netherlands
Slanisz,Poland,Poland
Jabłoński,Ireland, Poland
Zaal,Netherlands, Netherlands
Adair,Ireland,Ireland
Skowron,Poland,Poland
Abernety,Ireland,Ireland
VanEijk,Ireland, Netherlands
Saarberg,Netherlands, Netherlands
Sliwa,Poland,Poland
Flis,Poland, Poland
VanDerWaal,Poland, Netherlands
Leszezak,Poland,Poland
Adams,Ireland,Ireland
Miener,Netherlands, Netherlands
Bos,Poland, Netherlands
M'Cabe,Ireland,Ireland
Willems,Poland, Netherlands
VanDenBosch,Netherlands, Netherlands
Skowron,Poland,Poland
Lochner,Netherlands, Netherlands
Skrzypa,Netherlands, Poland
Hagoort,Poland, Netherlands
VanDerSteen,Ireland, Netherlands
Dolecka,Netherlands, Poland
Roelofs,Poland, Netherlands
VanHenegou,Ireland, Netherlands
Buurman,Ireland, Netherlands
Adams,Ireland,Ireland
Skrzypa,Poland, Poland
VanKnossenburg,Poland, Netherlands
Skoczylas,Poland,Poland
M'Carron,Ireland,Ireland
Kala,Poland, Poland
Civiok,Poland,Poland
M'Cabe,Ireland,Ireland
Boogert,Poland, Netherlands
Haar,Netherlands, Netherlands
Drobot,Poland,Poland
Zaterki,Ireland,Poland
VanAalst,Poland, Netherlands
VanLoon,Poland, Netherlands
Skrzypier,Poland,Poland
Jongeneel,Netherlands, Netherlands
Rosenbaum,Poland, Netherlands
Boshamer,Poland, Netherlands
Skalski,Poland,Poland
Adair,Ireland,Ireland
VanDerStarre,Poland, Netherlands
Skryzyniarz,Poland,Poland
VanSchaik,Ireland, Netherlands
Groeneveld,Poland, Netherlands
Both,Netherlands, Netherlands
Adams,Ireland,Ireland
M'Cabe,Ireland,Ireland
VanVeen,Netherlands, Netherlands
Szivales,Poland,Poland
M'Cabe,Ireland,Ireland
Romers,Poland, Netherlands
Miącz,Ireland, Poland
M'Cabe,Ireland,Ireland
Smit,Netherlands, Netherlands
Skop,Poland,Poland
Adamson,Ireland,Ireland
Uiterwijk,Ireland, Netherlands
Woelders,Netherlands, Netherlands
Sitarz,Netherlands, Poland
Wachoń,Poland, Poland
Pascal,Netherlands, Netherlands
VanDerGaag,Ireland, Netherlands
Siekalski,Netherlands, Poland
Sitkko,Poland,Poland
Zwetheul,Poland, Netherlands
Schuijf,Netherlands, Netherlands
Boomgaards,Poland, Netherlands
Turkowski,Poland, Poland
VanGroningen,Poland, Netherlands
Scholts,Poland, Netherlands
Adair,Ireland,Ireland
DeBest,Poland, Netherlands
Słomka,Poland, Poland
Sheridan,Ireland,Ireland
Skowronek,Poland, Poland
Mink,Netherlands, Netherlands
Heijers,Poland, Netherlands
VanDenHeuvel,Ireland, Netherlands
,Poland, Poland
VanDeWatering,Poland, Netherlands
Gorrebeeck,Poland, Netherlands
Rook,Poland, Netherlands
Rorijs,Netherlands, Netherlands
Molendijk,Poland, Netherlands
Adams,Ireland,Ireland
Simonis,Ireland, Netherlands
Adair,Ireland,Ireland
Kalisvaart,Ireland, Netherlands
Vink,Ireland, Netherlands
VanDerVelden,Poland, Netherlands
Skrzyniarz,Poland,Poland
Slazyk,Poland,Poland
Stefański,Poland, Poland
Moleman,Poland, Netherlands
Seijkens,Poland, Netherlands
M'Cabe,Ireland,Ireland
Schr�der,Netherlands, Netherlands
Sluijter,Poland, Netherlands
Blanker,Ireland, Netherlands
Stoup,Poland, Netherlands
M'Cabe,Ireland,Ireland
Adair,Ireland,Ireland
Bos,Poland, Netherlands
Volkers,Poland, Netherlands
M'Cabe,Ireland,Ireland
Bovens,Poland, Netherlands
VanHoften,Netherlands, Netherlands
Boensma,Poland, Netherlands
Adams,Ireland,Ireland
M'Adam,Ireland,Ireland
Evenhuis,Poland, Netherlands
Sitarz,Ireland, Poland
Scirka,Netherlands, Poland
Smit,Netherlands, Netherlands
VanAalst,Ireland, Netherlands
Bollee,Netherlands, Netherlands
Adamowicz,Poland,Poland
Sprawka,Ireland, Poland
Abernethy,Ireland,Ireland
Gaik,Poland,Poland
VanRongen,Poland, Netherlands
VanAssendelft,Ireland, Netherlands
Kelso,Ireland,Ireland
Lowry,Poland,Ireland
Straver,Netherlands, Netherlands
Bervier,Ireland, Netherlands
Roosekrans,Poland, Netherlands
Hondeveld,Poland, Netherlands
Adams,Ireland,Ireland
M'Cabe,Ireland,Ireland
Arps,Poland, Netherlands
Braaksma,Ireland, Netherlands
Adams,Ireland,Ireland
Maaskant,Poland, Netherlands
Podg�rska,Poland, Poland
Adams,Ireland,Ireland
Akkerman,Netherlands, Netherlands
M'Adam,Ireland,Ireland
VanDerSteen,Poland, Netherlands
Adamczyk,Poland, Poland
Stad,Poland, Netherlands
Aalders,Poland, Netherlands
Adair,Ireland,Ireland
Akkermans,Poland, Netherlands
Agthoven,Ireland, Netherlands
Adamson,Ireland,Ireland
DeBus,Ireland, Netherlands
Veld,Ireland, Netherlands
Adams,Ireland,Ireland
Troost,Poland, Netherlands
Latooij,Poland, Netherlands
Trojan,Poland,Poland
Trześniewski,Netherlands, Poland
Turczynowicz,Poland, Poland
Śliz,Ireland, Poland
Vlodrop,Poland, Netherlands
M'Cabe,Ireland,Ireland
VanDeKlundert,Ireland, Netherlands
M'Cabe,Ireland,Ireland
M'Cabe,Ireland,Ireland
Skrzypek,Poland,Poland
Stefański,Ireland, Poland
Stoup,Ireland, Netherlands
M'Cabe,Ireland,Ireland
Scheffers,Poland, Netherlands
Turczyn,Ireland, Poland
Sterrenberg,Ireland, Netherlands
Adair,Ireland,Ireland
Ablett,Ireland,Ireland
Mielniczuk,Ireland, Poland
Jatowiec,Poland,Poland
Siwak,Poland,Poland
Szyndal,Poland,Poland
Strijards,Poland, Netherlands
Weretyńska,Netherlands, Poland
Skrzypkin,Poland,Poland
Harpman,Netherlands, Netherlands
Wols,Poland, Netherlands
M'Cabe,Ireland,Ireland
M'Carron,Ireland,Ireland
Harmsen,Poland, Netherlands
VanDerStelt,Netherlands, Netherlands
Siatdon,Netherlands,Poland
Sims,Netherlands,Ireland
Butter,Ireland, Netherlands
Booij,Poland, Netherlands
Baas,Netherlands, Netherlands
Maaskant,Netherlands, Netherlands
Sorber,Ireland, Netherlands
VanDerPut,Ireland, Netherlands
Stępkowska,Poland, Poland
Hardenbol,Poland, Netherlands
Kotkowska,Poland, Poland
Walas,Poland,Poland
Kostrzewa,Poland, Poland
Słapczyńska,Ireland, Poland
Arthurs,Ireland,Ireland
Stentler,Poland, Netherlands
Bos,Poland, Netherlands
Tzojunnwski,Poland,Poland
M'Cabe,Ireland,Ireland
Adair,Ireland,Ireland
Heuchemer,Netherlands, Netherlands
Tryseczyta,Poland,Poland
Chudy,Poland,Poland
Bosch,Netherlands, Netherlands
Uriniak,Poland,Poland
Skubisz,Poland,Poland
Adams,Ireland,Ireland
Bartels,Poland, Netherlands
VanBeest,Netherlands, Netherlands
Lodder,Poland, Netherlands
DeRot,Poland, Netherlands
Maria,Poland,Poland
VanDerSchrieck,Poland, Netherlands
VanBatenburg,Poland, Netherlands
Adamowska,Poland, Poland
Skała,Poland, Poland
Simpson,Ireland,Ireland
Both,Poland, Netherlands
Hendriks,Poland, Netherlands
Laffree,Netherlands, Netherlands
Gregorius,Poland,Poland
Abzuth,Poland,Poland
Skrzypek,Poland,Poland
Lindt,Poland, Netherlands
Adair,Ireland,Ireland
Acton,Ireland,Ireland
Strzypiec,Poland,Poland
Batenburg,Poland, Netherlands
DeBrij,Poland, Netherlands
Skorek,Poland, Poland
VanDerVeen,Netherlands, Netherlands
Boogaard,Netherlands, Netherlands
Abma,Ireland, Netherlands
Skrzypek,Poland,Poland
Zagraba,Poland, Poland
DeJongh,Netherlands, Netherlands
Rijnsdorp,Poland, Netherlands
VanHarreveld,Ireland, Netherlands
Systo,Poland,Poland
Strzepka,Poland,Poland
Lops,Ireland, Netherlands
VanDerKnaap,Ireland, Netherlands
Adams,Ireland,Ireland
VanDerVelden,Poland, Netherlands
VanDerValk,Ireland, Netherlands
Koudijs,Netherlands, Netherlands
Troost,Poland, Netherlands
VanWinsen,Poland, Netherlands
Rosbergen,Poland, Netherlands
Weiler,Poland, Netherlands
Ferry,Poland,Ireland
VanVeen,Poland, Netherlands
Słoda,Ireland, Poland
VanOsVanDenAbeelen,Poland, Netherlands
Melissant,Poland, Netherlands
Pouwels,Netherlands, Netherlands
Adams,Ireland,Ireland
Verschoor,Ireland, Netherlands
Starek,Poland, Poland
M'Cabe,Ireland,Ireland
Wegman,Netherlands, Netherlands
Turkosz,Poland,Poland
Skowron,Poland,Poland
Sławek,Poland, Poland
M'Cabe,Ireland,Ireland
VanDenBosch,Poland, Netherlands
Baran,Ireland, Poland
Bouman,Ireland, Netherlands
Bosgieter,Ireland, Netherlands
DeLoot,Ireland, Netherlands
Sitarz,Ireland, Poland
Adamczyk,Poland,Poland
Stenger,Netherlands, Netherlands
M'Adams,Ireland,Ireland
M'Cabe,Ireland,Ireland
Batenburg,Poland, Netherlands
Chudy,Poland,Poland
Skrzypek,Poland,Poland
Wachoń,Poland, Poland
Adams,Ireland,Ireland
Abbott,Ireland,Ireland
Sloves,Ireland, Netherlands
Weijers,Netherlands, Netherlands
Roggeveen,Netherlands, Netherlands
VanEverdink,Poland, Netherlands
R�,Ireland, Netherlands
DeWaard,Poland, Netherlands
Sliwa,Poland,Poland
Adamczyk,Poland, Poland
M'Cabe,Ireland,Ireland
VanSchouwen,Ireland, Netherlands
Dwarswaard,Ireland, Netherlands
Skrzypczak,Poland, Poland
Konieczny,Poland,Poland
Ewins,Poland,Ireland
Hobbs,Poland,Ireland
Abraham,Ireland,Ireland
VanWelzen,Poland, Netherlands
Brooijmans,Poland, Netherlands
M'Cabe,Ireland,Ireland
Acton,Ireland,Ireland
Adamczak,Poland, Poland
Eijs,Netherlands, Netherlands
Liefferink,Poland, Netherlands
Tryba,Poland,Poland
VanHaren,Netherlands, Netherlands
Bartels,Ireland, Netherlands
M'Carron,Ireland,Ireland
Abbott,Ireland,Ireland
Romer,Poland, Netherlands
Trojanowski,Poland,Poland
M'Cabe,Ireland,Ireland
Adams,Ireland,Ireland
Schippers,Ireland, Netherlands
Bosman,Ireland, Netherlands
Sioros,Poland,Poland
Skrzatek,Poland,Poland
Drobot,Poland,Poland
Quartel,Ireland, Netherlands
VanDerStel,Ireland, Netherlands
Assies,Poland, Netherlands
VanBoven,Poland, Netherlands
Skrzypek,Poland,Poland
Lok,Poland, Netherlands
Boogert,Poland, Netherlands
M'Cabe,Ireland,Ireland
Bos,Ireland, Netherlands
Adamczyk,Poland,Poland
Adams,Ireland,Ireland
Wronisz,Ireland, Poland
Skarbek,Poland,Poland
M'Cabe,Ireland,Ireland
Turck,Netherlands,Poland
Zabratowska,Ireland, Poland
Put,Poland, Netherlands
Skladzien,Poland,Poland
M'Cabe,Ireland,Ireland
Meijnders,Ireland, Netherlands
Skaza,Poland,Poland
Boogaard,Poland, Netherlands
Schaap,Poland, Netherlands
M'Cabe,Ireland,Ireland
Skarbek,Poland,Poland
Stevens,Ireland, Netherlands
Pszcrota,Poland,Poland
Abernethy,Ireland,Ireland
Adair,Ireland,Ireland
Harmens,Poland, Netherlands
Breur,Netherlands, Netherlands
M'Cabe,Ireland,Ireland
Rosbergen,Poland, Netherlands
Murphy,Ireland,Ireland
Skrzypek,Poland, Poland
Szklarski,Poland,Poland
Schuijnderman,Netherlands, Netherlands
Szyndal,Poland,Poland
Bartels,Poland, Netherlands
Adair,Ireland,Ireland
Scheffers,Poland, Netherlands
Warnaar,Poland, Netherlands
Schouten,Ireland, Netherlands
VanDerVelden,Poland, Netherlands
Sophia,Poland,Poland
Bijl,Poland, Netherlands
M'Cabe,Ireland,Ireland
Slingerland,Netherlands, Netherlands
Skrzek,Poland,Poland
Wijnen,Poland, Netherlands
Aarde,Ireland, Netherlands
VanLoon,Poland, Netherlands
Abernethy,Ireland,Ireland
Meekers,Netherlands, Netherlands
Gumulak,Poland,Poland
Scholten,Poland, Netherlands
VanDenAssem,Poland, Netherlands
Tzschner,Ireland,Poland
Skonwron,Poland,Poland
Kok,Ireland, Netherlands
DeBree,Netherlands, Netherlands
Slendz,Poland,Poland
VanDerStel,Poland, Netherlands
Slazyk,Poland,Poland
VanVeen,Poland, Netherlands
Roelofs,Netherlands, Netherlands
Mulrainen,Poland,Ireland
Vink,Poland, Netherlands
Zwetheul,Poland, Netherlands
Sewicki,Ireland,Poland
Skraiński,Ireland, Poland
Skrzypiec,Poland,Poland
Heijster,Ireland, Netherlands
Adamowski,Poland, Poland
Trojack,Poland,Poland
Botter,Poland, Netherlands
VanVeen,Netherlands, Netherlands
Abbott,Ireland,Ireland
Stout,Netherlands, Netherlands
Lourens,Netherlands, Netherlands
M'Carron,Ireland,Ireland
Adams,Ireland,Ireland
Hedvigis,Ireland,Poland
Adair,Ireland,Ireland
Arentz,Poland, Netherlands
Jacak,Poland,Poland
Hazelhorst,Poland, Netherlands
Adamczyk,Poland,Poland
Adamson,Ireland,Ireland
Jongsma,Ireland, Netherlands
Schefferlie,Poland, Netherlands
Fase,Ireland, Netherlands
Skowron,Poland,Poland
Mcnulty,Ireland,Ireland
Sjollema,Poland, Netherlands
VanDerVelde,Poland, Netherlands
Germeraad,Poland, Netherlands
Taurkowiki,Poland,Poland
Torczon,Poland,Poland
M'Cabe,Ireland,Ireland
Sktynarczyk,Poland,Poland
M'Adam,Ireland,Ireland
Adams,Ireland,Ireland
Adair,Ireland,Ireland
M'Cabe,Ireland,Ireland
Tudrujek,Poland, Poland
Małecka,Poland, Poland
M'Cabe,Ireland,Ireland
M'Cabe,Ireland,Ireland
Stad,Poland, Netherlands
M'Cabe,Ireland,Ireland
Komiczny,Poland,Poland
Ivens,Poland, Netherlands
Adamczyk,Poland, Poland
Romein,Poland, Netherlands
Stefaniak,Ireland, Poland
VanWorselingOrVanSchaick,Poland, Netherlands
Schuring,Poland, Netherlands
Zisba,Poland,Poland
Skrzypa,Netherlands, Poland
VanOsch,Poland, Netherlands
VanDerMeeren,Poland, Netherlands
Arnold,Ireland, Netherlands
Kowalczyk,Poland, Poland
Trompert,Netherlands, Netherlands
Voet,Ireland, Netherlands
M'Cabe,Ireland,Ireland
Sitko,Poland,Poland
Sitko,Poland,Poland
Faber,Ireland, Netherlands
Schulte,Ireland, Netherlands
Gillespie,Ireland,Ireland
VanDerVelden,Ireland, Netherlands
Scallan,Ireland,Ireland
Schoor,Poland, Netherlands
Roos,Poland, Netherlands
Wojtaszkiewicz,Poland, Poland
M'Cabe,Ireland,Ireland
M'Cabe,Ireland,Ireland
VanDerVeen,Netherlands, Netherlands
VanVeen,Poland, Netherlands
VanNoort,Poland, Netherlands
Skrrekut,Poland,Poland
Zwarts,Netherlands, Netherlands
Schoor,Netherlands, Netherlands
Illierzwinski,Poland,Poland
Skrzypek,Poland,Poland
Najder,Ireland, Poland
Haans,Ireland, Netherlands
Bosman,Ireland, Netherlands
Rodzki,Poland, Poland
M'Cabe,Ireland,Ireland
Bontenbal,Ireland, Netherlands
Hendriks,Ireland, Netherlands
Słomka,Poland, Poland
Timmers,Poland, Netherlands
M'Cabe,Ireland,Ireland
Adamson,Ireland,Ireland
VanGroos,Poland, Netherlands
Chawraj,Poland, Poland
DeLooper,Ireland, Netherlands
VanDeWeijer,Poland, Netherlands
Schoonenberg,Poland, Netherlands
Bout,Poland, Netherlands
Strelin,Poland, Netherlands
Akkerman,Poland, Netherlands
Steenbergen,Poland, Netherlands
Sikma,Netherlands, Netherlands
Quak,Netherlands, Netherlands
Adair,Ireland,Ireland
VanDerMeer,Poland, Netherlands
Wareman,Ireland, Netherlands
Adair,Ireland,Ireland
Schreurs,Poland, Netherlands
Turek,Poland,Poland
Dejnek,Ireland, Poland
Trumiński,Poland, Poland
DeValck,Poland, Netherlands
Akveld,Ireland, Netherlands
Drilsma,Ireland, Netherlands
VanDuuren,Poland, Netherlands
Widet,Poland,Poland
Roos,Poland, Netherlands
VanVeen,Poland, Netherlands
M'Cabe,Ireland,Ireland
Trzciński,Poland, Poland
Slier,Netherlands, Netherlands
VanDerStel,Poland, Netherlands
VanWoerden,Netherlands, Netherlands
M'Cabe,Ireland,Ireland
Vermeulen,Poland, Netherlands
VanMoorsel,Ireland, Netherlands
Roelofs,Poland, Netherlands
VanSanten,Ireland, Netherlands
Delsman,Poland, Netherlands
Stępniak,Ireland, Poland
Abbott,Ireland,Ireland
M'Cabe,Ireland,Ireland
Sitarz,Poland, Poland
Acton,Ireland,Ireland
Heij,Poland, Netherlands
VanAssendelft,Poland, Netherlands
Stachyra,Netherlands, Poland
Savert,Ireland, Netherlands
Schults,Poland, Netherlands
Borneman,Netherlands, Netherlands
Aicken,Ireland,Ireland
Boon,Netherlands, Netherlands
Capoen,Poland, Netherlands
Willebrands,Poland, Netherlands
Schr�der,Poland, Netherlands
VanStratum,Poland, Netherlands
Gwendoline,Ireland,Ireland
Drobot,Poland,Poland
Scholten,Poland, Netherlands
Struve,Poland, Netherlands
Sapiecha,Poland, Poland
M'Cabe,Ireland,Ireland
M'Cabe,Ireland,Ireland
VanDenBoogaart,Poland, Netherlands
Stuit,Netherlands, Netherlands
M'Cabe,Ireland,Ireland
Gleijm,Poland, Netherlands
Skrzygo,Poland,Poland
Aelst,Netherlands, Netherlands
VanEenige,Poland, Netherlands
VanHeusen,Ireland, Netherlands
Verschoor,Ireland, Netherlands
VanKeulenBrons,Poland, Netherlands
VanDerSchoor,Ireland, Netherlands
Boon,Poland, Netherlands
Akkermans,Netherlands, Netherlands
Turek,Poland,Poland
Jachym,Poland,Poland
Adamczyk,Poland, Poland
DeKlerk,Poland, Netherlands
M'Cabe,Ireland,Ireland
VanVeen,Ireland, Netherlands
Adair,Ireland,Ireland
VanDenVelden,Poland, Netherlands
Adamiak,Ireland, Poland
Troost,Poland, Netherlands
Harmeijer,Netherlands, Netherlands
Uijterwijk,Poland, Netherlands
M'Cabe,Ireland,Ireland
Slarzyk,Poland,Poland
M'Cabe,Ireland,Ireland
Robertson,Netherlands, Netherlands
Abraham,Ireland,Ireland
Adams,Ireland,Ireland
VanMeteren,Ireland, Netherlands
Łyjak,Poland, Poland
Aicken,Ireland,Ireland
Chuda,Poland, Poland
Turkenburg,Poland, Netherlands
Adams,Ireland,Ireland
Voogt,Netherlands, Netherlands
Socha,Poland, Poland
Adams,Ireland,Ireland
Wilson,Poland,Ireland
Leenheer,Ireland, Netherlands
VanDerSchoor,Poland, Netherlands
Stalec,Poland,Poland
Dudek,Ireland, Poland
M'Cabe,Ireland,Ireland
Bos,Netherlands, Netherlands
Schnaar,Ireland, Netherlands
Spoor,Poland, Netherlands
Borsje,Poland, Netherlands
Kadmarczyk,Poland,Poland
Trojan,Poland,Poland
Schnitger,Poland, Netherlands
M'Cabe,Ireland,Ireland
Roos,Ireland, Netherlands
Schuiten,Poland, Netherlands
Lodewijk,Poland, Netherlands
Abraham,Ireland,Ireland
Adams,Ireland,Ireland
Boomgaards,Poland, Netherlands
Sirak,Netherlands,Poland
Tudorowski,Ireland, Poland
Bosman,Netherlands, Netherlands
Bedee,Poland, Netherlands
VanDerSchoor,Poland, Netherlands
Mills,Ireland,Ireland
Aicken,Ireland,Ireland
Kudyba,Netherlands, Poland
Śledź,Netherlands, Poland
Skyzyrian,Poland,Poland
VanDerStel,Poland, Netherlands
Szklarski,Poland,Poland
Buitendijk,Ireland, Netherlands
Baran,Ireland, Poland
Sinda,Poland,Poland
Abraham,Ireland,Ireland
Verschoor,Netherlands, Netherlands
Looije,Netherlands, Netherlands
Skotodzy,Poland,Poland
Aarnoudse,Netherlands, Netherlands
Bosch,Netherlands, Netherlands
Adair,Ireland,Ireland
Adair,Ireland,Ireland
VanDenBosch,Netherlands, Netherlands
Bestebreurtje,Netherlands, Netherlands
Stout,Netherlands, Netherlands
VanDoesburg,Ireland, Netherlands
Mizee,Poland, Netherlands
Both,Ireland, Netherlands
Sterrenberg,Ireland, Netherlands
Mamcarz,Poland, Poland
Roodhorst,Netherlands, Netherlands
Fokkens,Ireland, Netherlands
Stefanski,Poland,Poland
Murphy,Ireland,Ireland
M'Cabe,Ireland,Ireland
Acton,Ireland,Ireland
DeVoogd,Ireland, Netherlands
Adams,Ireland,Ireland
Swistek,Poland,Poland
Skladzien,Poland,Poland
M'Cabe,Ireland,Ireland
Stykuta,Poland,Poland
Looije,Netherlands, Netherlands
Graczman,Ireland, Poland
Skrzypa,Poland, Poland
M'Cabe,Ireland,Ireland
Walas,Poland,Poland
Bain,Poland,Ireland
Lodders,Netherlands, Netherlands
M'Cabe,Ireland,Ireland
Adair,Ireland,Ireland
Bos,Poland, Netherlands
Adams,Ireland,Ireland
Ranke,Poland, Netherlands
Adair,Ireland,Ireland
Kelder,Poland, Netherlands
Heesenman,Poland, Netherlands
Abbott,Ireland,Ireland
Adams,Ireland,Ireland
Messer,Poland, Netherlands
Akkermans,Poland, Netherlands
Schuiten,Ireland, Netherlands
M'Carron,Ireland,Ireland
Hardinxveld,Poland, Netherlands
Osiak,Poland, Poland
Borghardt,Ireland, Netherlands
Breukhoven,Ireland, Netherlands
Abbott,Ireland,Ireland
Beuzekom,Poland, Netherlands
Laukens,Poland, Netherlands
Weers,Netherlands, Netherlands
Agnes,Ireland,Poland
Adams,Ireland,Ireland
Evers,Netherlands, Netherlands
VanDerWaal,Poland, Netherlands
Skrzypczak,Poland, Poland
VanHeemsbergen,Ireland, Netherlands
Hardenbol,Poland, Netherlands
Verbeek,Netherlands, Netherlands
M'Cabe,Ireland,Ireland
VanBoven,Ireland, Netherlands
Warnas,Poland, Netherlands
Bos,Poland, Netherlands
Roderkerken,Ireland, Netherlands
Schoutens,Poland, Netherlands
Obstarczyk,Poland, Poland
Minke,Poland, Netherlands
VanDerJagt,Netherlands, Netherlands
VanDerLaan,Poland, Netherlands
Timmer,Poland, Netherlands
Styrnik,Poland, Poland
Grudzińska,Netherlands, Poland
VanAalst,Poland, Netherlands
Adams,Ireland,Ireland
Westermann,Poland, Netherlands
Vlot,Poland, Netherlands
Roelfzema,Poland, Netherlands
Jabłoński,Poland, Poland
Verschoor,Poland, Netherlands
Sloof,Netherlands, Netherlands
Drobot,Poland,Poland
Simons,Ireland, Netherlands
Tryba,Poland,Poland
Iwanicki,Poland, Poland
VanDeGraaff,Netherlands, Netherlands
Szyndal,Poland,Poland
Bots,Ireland, Netherlands
Waardenburg,Poland, Netherlands
Bosmans,Poland, Netherlands
Michalak,Netherlands, Poland
M'Cabe,Ireland,Ireland
Adamczuk,Poland, Poland
Zaskalski,Poland,Poland
Meinrath,Netherlands, Netherlands
VanHaren,Poland, Netherlands
Szewczyk,Poland, Poland
Roos,Poland, Netherlands
Prins,Ireland, Netherlands
Gintowtt,Poland, Poland
Tragarz,Poland,Poland
Trook,Netherlands, Netherlands
Stenborg,Ireland, Netherlands
Schr�der,Poland, Netherlands
VanDerSchoor,Ireland, Netherlands
Janssen,Netherlands, Netherlands
Linthout,Netherlands, Netherlands
Taffijn,Poland, Netherlands
VanLoon,Ireland, Netherlands
Aicken,Ireland,Ireland
Matthijs,Poland, Netherlands
Marx,Poland, Netherlands
Slieker,Ireland, Netherlands
VanDerVeen,Ireland, Netherlands
Boshuizen,Netherlands, Netherlands
Schouten,Poland, Netherlands
VanStrien,Netherlands, Netherlands
Roos,Ireland, Netherlands
Siebes,Ireland, Netherlands
Adair,Ireland,Ireland
VanDuijn,Poland, Netherlands
Jacak,Poland,Poland
VanDenAssem,Netherlands, Netherlands
M'Cabe,Ireland,Ireland
Baerken,Netherlands, Netherlands
Adams,Ireland,Ireland
M'Cabe,Ireland,Ireland
Helderop,Ireland, Netherlands
Adams,Ireland,Ireland
DeRuiter,Poland, Netherlands
Adamczyk,Poland,Poland
Sitarz,Poland, Poland
Oleszko,Poland, Poland
Lammerts,Poland, Netherlands
Adamczyk,Poland, Poland
M'Cabe,Ireland,Ireland
Tryba,Poland,Poland
Slarvacz,Poland,Poland
M'Carron,Ireland,Ireland
Łaszcz,Netherlands, Poland
Vaandrager,Netherlands, Netherlands
Abbott,Ireland,Ireland
Adair,Ireland,Ireland
Schuitemaker,Netherlands, Netherlands
Lochner,Poland, Netherlands
M'Cabe,Ireland,Ireland
VanTrigt,Netherlands, Netherlands
Val,Netherlands, Netherlands
Skrabańska,Poland, Poland
Boeser,Ireland, Netherlands
M'Carron,Ireland,Ireland
VanDerSchoor,Netherlands, Netherlands
Słomka,Poland, Poland
Looij,Poland, Netherlands
Farla,Ireland, Netherlands
Brouwer,Poland, Netherlands
Stegenga,Poland, Netherlands
Wielockoz,Poland,Poland
Cisto,Poland,Poland
Verhagen,Poland, Netherlands
Skyry,Poland,Poland
M'Cabe,Ireland,Ireland
VanEijk,Ireland, Netherlands
Comfurius,Poland, Netherlands
Adams,Ireland,Ireland
Suijkerbuijk,Poland, Netherlands
DeRaadt,Netherlands, Netherlands
Voets,Poland, Netherlands
VanVeen,Poland, Netherlands
Lepage,Ireland, Netherlands
M'Adam,Ireland,Ireland
Adair,Ireland,Ireland
Skarbek,Poland,Poland
M'Cabe,Ireland,Ireland
Bosch,Netherlands, Netherlands
VanVeggel,Netherlands, Netherlands
Huk,Poland, Poland
Skura,Poland,Poland
Pasman,Poland, Netherlands
Sliwa,Poland,Poland
Timmers,Poland, Netherlands
Jachym,Poland,Poland
Schoonheim,Poland, Netherlands
Kramer,Poland, Netherlands
Veen,Ireland, Netherlands
Schoolderman,Poland, Netherlands
Steenhuis,Poland, Netherlands
Bosbaan,Poland, Netherlands
Bosland,Ireland, Netherlands
Vahrmeijer,Ireland, Netherlands
Trasdorski,Poland,Poland
Adamczuk,Netherlands, Poland
M'Cabe,Ireland,Ireland
Joannes,Poland,Poland
Schoolderman,Poland, Netherlands
Looij,Poland, Netherlands
Romeijn,Netherlands, Netherlands
Abraham,Ireland,Ireland
Adair,Ireland,Ireland
M'Carron,Ireland,Ireland
M'Carron,Ireland,Ireland
Sturm,Netherlands, Netherlands
Solleveld,Poland, Netherlands
Strzepka,Poland,Poland
M'Cabe,Ireland,Ireland
Bosman,Netherlands, Netherlands
Szczerbiec,Poland, Poland
Adamson,Ireland,Ireland
Troost,Poland, Netherlands
Chudy,Poland,Poland
Sliwa,Poland,Poland
VanVeen,Poland, Netherlands
Tryniecki,Netherlands, Poland
Schuitema,Ireland, Netherlands
Pop,Poland, Netherlands
Adamczuk,Poland, Poland
M'Cabe,Ireland,Ireland
VanVeen,Netherlands, Netherlands
Widet,Poland,Poland
Skrzypczak,Ireland, Poland
Buisman,Ireland, Netherlands
M'Cabe,Ireland,Ireland
Gaberelson,Poland,Ireland
Frzcinski,Poland,Poland
Prins,Ireland, Netherlands
Stuut,Poland, Netherlands
Abom,Netherlands, Netherlands
VanDerBeek,Poland, Netherlands
M'Adam,Ireland,Ireland
Tunnau,Poland,Poland
Visser,Ireland, Netherlands
Looij,Ireland, Netherlands
Sedirk,Poland,Poland
Adamczyk,Poland,Poland
Slzyk,Poland,Poland
Stepien,Poland,Poland
Breur,Ireland, Netherlands
Derksen,Ireland, Netherlands
Salet,Poland, Netherlands
Turfkruijer,Poland, Netherlands
Welling,Poland, Netherlands
Troost,Netherlands, Netherlands
Korba,Netherlands, Poland
Schellekens,Poland, Netherlands
Siepkes,Poland, Netherlands
Mazur,Poland, Poland
VanDenBos,Netherlands, Netherlands
Loeffler,Poland, Netherlands
M'Cabe,Ireland,Ireland
Adair,Ireland,Ireland
Skczgzsek,Poland,Poland
Bosman,Poland, Netherlands
VanDerHorst,Netherlands, Netherlands
M'Carron,Ireland,Ireland
M'Cabe,Ireland,Ireland
Flik,Poland, Netherlands
Berendsen,Poland, Netherlands
Adair,Ireland,Ireland
Adair,Ireland,Ireland
Tromp,Ireland, Netherlands
DeRoode,Ireland, Netherlands
Jacza,Poland,Poland
Lazet,Poland, Netherlands
Guy,Poland,Ireland
Lokkerbol,Netherlands, Netherlands
Korba,Poland, Poland
Ritschie,Netherlands, Netherlands
Skwira,Poland,Poland
Vink,Poland, Netherlands
Roman,Ireland, Netherlands
Adamska,Netherlands, Poland
Zoutewelle,Poland, Netherlands
Savenije,Netherlands, Netherlands
Turek,Poland,Poland
Adams,Ireland,Ireland
M'Cabe,Ireland,Ireland
Trzcińska,Ireland, Poland
Terr,Ireland,Poland
Adair,Ireland,Ireland
VanStrien,Poland, Netherlands
Beerman,Netherlands, Netherlands
VanVeen,Poland, Netherlands
Trykiel,Poland,Poland
Adams,Ireland,Ireland
VanDerBorg,Poland, Netherlands
Adair,Ireland,Ireland
Strijdhorst,Ireland, Netherlands
Romeijn,Poland, Netherlands
DeKort,Netherlands, Netherlands
VanDerTuin,Poland, Netherlands
Boelen,Poland, Netherlands
Sekutwik,Poland,Poland
Lamers,Poland, Netherlands
Urbas,Netherlands, Poland
Stevens,Poland, Netherlands
Bouterse,Poland, Netherlands
Roos,Netherlands, Netherlands
Krasowska,Ireland, Poland
Adair,Ireland,Ireland
Twigt,Poland, Netherlands
Seelaar,Poland, Netherlands
Skura,Poland,Poland
Adamson,Ireland,Ireland
Cygan,Ireland, Poland
Veld,Netherlands, Netherlands
Romeijn,Netherlands, Netherlands
Zilverschoon,Poland, Netherlands
Koster,Netherlands, Netherlands
Ment,Netherlands, Netherlands
Stępkowski,Poland, Poland
VanLoon,Netherlands, Netherlands
VanGestel,Netherlands, Netherlands
Schoneveld,Poland, Netherlands
Huisman,Netherlands, Netherlands
VanEijk,Ireland, Netherlands
Rotz,Netherlands, Netherlands
DeBorst,Netherlands, Netherlands
Veldink,Ireland, Netherlands
,Ireland, Poland
Skowron,Poland,Poland
VanDerHeide,Poland, Netherlands
M'Cabe,Ireland,Ireland
Adair,Ireland,Ireland
Adamczyk,Poland,Poland
Ter,Ireland,Poland
Kegel,Poland, Netherlands
Latooij,Poland, Netherlands
Siennicka,Poland, Poland
Zindel,Netherlands, Netherlands
VanRijswijk,Poland, Netherlands
Simons,Netherlands, Netherlands
Romijn,Netherlands, Netherlands
Żmudziak,Poland, Poland
M'Carron,Ireland,Ireland
Mccarthy,Ireland,Ireland
Stefański,Poland, Poland
VanLoon,Ireland, Netherlands
Gaik,Poland,Poland
M'Cabe,Ireland,Ireland
Bazel,Poland, Netherlands
Beukers,Poland, Netherlands
Tuzba,Poland,Poland
VanAssendelftDeConingh,Ireland, Netherlands
Vallois,Ireland,Ireland
VanSanten,Ireland, Netherlands
DeBoeck,Poland, Netherlands
Abrahamson,Ireland,Ireland
Ernst,Netherlands, Netherlands
Jabłoński,Netherlands, Poland
Ronteltap,Poland, Netherlands
Adair,Ireland,Ireland
Looije,Netherlands, Netherlands
Vermolen,Netherlands, Netherlands
Middendorp,Netherlands, Netherlands
Jocker,Netherlands, Netherlands
Adair,Ireland,Ireland
Abernethy,Ireland,Ireland
Fase,Netherlands, Netherlands
Bosch,Netherlands, Netherlands
Evers,Ireland, Netherlands
Schnitzler,Poland, Netherlands
Bosma,Ireland, Netherlands
Weijers,Poland, Netherlands
M'Cabe,Ireland,Ireland
Toorens,Ireland, Netherlands
M'Carron,Ireland,Ireland
Skorniewski,Netherlands, Poland
VanDerVeen,Poland, Netherlands
Skarbek,Poland,Poland
Adams,Ireland,Ireland
Beijer,Poland, Netherlands
Bots,Poland, Netherlands
Nouwens,Ireland, Netherlands
Aicken,Ireland,Ireland
Jacak,Poland,Poland
VanDerSluis,Ireland, Netherlands
VanAtten,Netherlands, Netherlands
Roedoe,Poland, Netherlands
Roode,Netherlands, Netherlands
Wehrfeld,Poland, Netherlands
Sliwiński,Ireland, Poland
Barel,Poland, Netherlands
Voogt,Ireland, Netherlands
VanVeen,Netherlands, Netherlands
Romein,Poland, Netherlands
Scholsz,Ireland, Netherlands
Biermann,Netherlands, Netherlands
Adams,Ireland,Ireland
Somerville,Netherlands,Ireland
M'Carron,Ireland,Ireland
Adam,Ireland,Ireland
VanStein,Poland, Netherlands
Wuijster,Netherlands, Netherlands
Abraham,Ireland, Netherlands
M'Cabe,Ireland,Ireland
Rooderkerk,Netherlands, Netherlands
Booster,Poland, Netherlands
Abbott,Ireland,Ireland
Szczerbiec,Poland, Poland
Adams,Ireland,Ireland
M'Cabe,Ireland,Ireland
Biedak,Poland, Poland
M'Cabe,Ireland,Ireland
Baran,Ireland, Poland
Ouweneel,Poland, Netherlands
Evers,Netherlands, Netherlands
Socha,Poland, Poland
M'Cabe,Ireland,Ireland
Verschoor,Poland, Netherlands
Slazyk,Poland,Poland
Adair,Ireland,Ireland
M'Carron,Ireland,Ireland
Styrnik,Netherlands, Poland
Abel,Ireland, Netherlands
Słomka,Poland, Poland
VanAssendelft,Netherlands, Netherlands
Abraham,Ireland,Ireland
Skiadzien,Poland,Poland
Siep,Poland, Netherlands
Harmsen,Ireland, Netherlands
Bosman,Ireland, Netherlands
Sinjorgo,Netherlands, Netherlands
Wieloch,Poland,Poland
VanHulst,Ireland, Netherlands
Struis,Ireland, Netherlands
Bos,Poland, Netherlands
W�jcik,Poland, Poland
M'Cabe,Ireland,Ireland
Adair,Ireland,Ireland
M'Cabe,Ireland,Ireland
Abbey,Ireland,Ireland
Szlezak,Poland,Poland
DeKuiper,Poland, Netherlands
M'Adams,Ireland,Ireland
Schoonderwoerd,Poland, Netherlands
VanHeusden,Ireland, Netherlands
Ronteltap,Poland, Netherlands
Bosman,Netherlands, Netherlands
VanDerHoek,Poland, Netherlands
Overweel,Netherlands, Netherlands
Szkaradek,Poland,Poland
DeVoogt,Poland, Netherlands
Timmers,Ireland, Netherlands
M'Cabe,Ireland,Ireland
Barnstijn,Poland, Netherlands
Skoczec,Poland,Poland
Sliva,Poland,Poland
Arnold,Poland, Netherlands
Boertjes,Ireland, Netherlands
Steenbergen,Poland, Netherlands
Ivens,Ireland, Netherlands
VanBruggen,Poland, Netherlands
VanRongen,Poland, Netherlands
Roos,Poland, Netherlands
Stegenga,Netherlands, Netherlands
Skowron,Poland,Poland
Achthoven,Ireland, Netherlands
VanDerGraaf,Netherlands, Netherlands
VanVierssenTrip,Netherlands, Netherlands
Kownieczny,Poland,Poland
Stefański,Poland, Poland
Both,Netherlands, Netherlands
M'Cabe,Ireland,Ireland
Adamson,Ireland,Ireland
VanMierlo,Netherlands, Netherlands
Borstlap,Netherlands, Netherlands
Stuit,Poland, Netherlands
Abraham,Ireland,Ireland
DeHaaij,Poland, Netherlands
Turek,Poland,Poland
Skublicki,Poland,Poland
M'Carron,Ireland,Ireland
Schnitzler,Poland, Netherlands
Skrniba,Poland,Poland
Staat,Ireland, Netherlands
Buis,Poland, Netherlands
M'Cabe,Ireland,Ireland
Korba,Ireland, Poland
VanDerVoorden,Poland, Netherlands
VanHerp,Netherlands, Netherlands
Abernethy,Ireland,Ireland
Feber,Poland, Netherlands
Heuchemer,Netherlands, Netherlands
Tryka,Netherlands,Poland
Schultz,Netherlands, Netherlands
Heetman,Poland, Netherlands
Adams,Ireland,Ireland
Voets,Ireland, Netherlands
Vingerling,Poland, Netherlands
Adams,Ireland,Ireland
Boontje,Ireland, Netherlands
Jabłoński,Netherlands, Poland
Steenpoorte,Poland, Netherlands
Hoksteen,Poland, Netherlands
Skura,Poland,Poland
Schoof,Ireland, Netherlands
Evers,Netherlands, Netherlands
Buijteweg,Netherlands, Netherlands
Słomka,Ireland, Poland
M'Cabe,Ireland,Ireland
Abrahamson,Ireland,Ireland
Vink,Ireland, Netherlands
Skrzyp,Poland,Poland
Abraham,Ireland,Ireland
Stępniak,Poland, Poland
M'Carron,Ireland,Ireland
Hardinxveld,Ireland, Netherlands
Mulder,Poland, Netherlands
Storm,Netherlands, Netherlands
VanDerVelden,Poland, Netherlands
Skaba,Poland,Poland
Boelhouwer,Poland, Netherlands
Willebrands,Ireland, Netherlands
VanBeest,Ireland, Netherlands
VanEijsden,Poland, Netherlands
Schuiten,Netherlands, Netherlands
VanDenBosch,Netherlands, Netherlands
Todrujek,Netherlands, Poland
Bos,Ireland, Netherlands
Busscher,Poland, Netherlands
Romein,Poland, Netherlands
Arnolds,Poland, Netherlands
Ketting,Poland, Netherlands
Ijtsma,Ireland, Netherlands
Stad,Netherlands, Netherlands
Steenbergen,Poland, Netherlands
Burmanjer,Netherlands, Netherlands
Beijer,Ireland, Netherlands
DeBoon,Ireland, Netherlands
Tryniecka,Poland, Poland
Wieloch,Poland,Poland
Verkerke,Netherlands, Netherlands
M'Cabe,Ireland,Ireland
M'Carron,Ireland,Ireland
Roode,Poland, Netherlands
Fraser,Poland,Ireland
M'Cabe,Ireland,Ireland
Turek,Poland, Poland
M'Adam,Ireland,Ireland
M'Adam,Ireland,Ireland
Skraiński,Poland, Poland
Cisto,Poland,Poland
VanAartsen,Netherlands, Netherlands
M'Cabe,Ireland,Ireland
Coveliers,Poland, Netherlands
VanAgthoven,Poland, Netherlands
Steeman,Ireland, Netherlands
Skrok,Poland,Poland
Romein,Poland, Netherlands
M'Evoy,Ireland,Ireland
Baran,Ireland, Poland
Skarbek,Poland,Poland
Abbink,Poland, Netherlands
Slajber,Netherlands,Poland
Adams,Ireland,Ireland
Adamczuk,Poland, Poland
Abrahams,Ireland, Netherlands
Koopman,Poland, Netherlands
M'Cabe,Ireland,Ireland
Anna,Poland,Poland
Velthuijzen,Poland, Netherlands
VanDerVelden,Ireland, Netherlands
Skrzypczak,Poland, Poland
Skzryfiec,Poland,Poland
Siemann,Poland, Netherlands
Faber,Netherlands, Netherlands
Stroombeek,Poland, Netherlands
Droppert,Ireland, Netherlands
Verschoor,Netherlands, Netherlands
VanDongen,Netherlands, Netherlands
Lammerts,Poland, Netherlands
M'Carron,Ireland,Ireland
Stevan,Ireland, Netherlands
Jatowiec,Poland,Poland
Skowyra,Poland,Poland
Sydyska,Poland,Poland
Sliwa,Poland,Poland
VanDerLeijVanDriel,Poland, Netherlands
VanDenBosch,Netherlands, Netherlands
Gesell,Poland, Netherlands
DeBoon,Poland, Netherlands
Adams,Ireland,Ireland
Skisliniski,Poland,Poland
Sterkenburg,Poland, Netherlands
Baerveldt,Netherlands, Netherlands
Schoonenberg,Netherlands, Netherlands
M'Cabe,Ireland,Ireland
Scheffers,Poland, Netherlands
Strijards,Poland, Netherlands
M'Cabe,Ireland,Ireland
VanHaren,Netherlands, Netherlands
Widet,Poland,Poland
Wasman,Poland, Netherlands
Adams,Ireland,Ireland
Fassing,Poland, Netherlands
Step,Poland, Netherlands
Verhaar,Ireland, Netherlands
Harmsel,Poland, Netherlands
Skrzypczak,Poland, Poland
M'Cabe,Ireland,Ireland
VanDenBos,Poland, Netherlands
Schouten,Ireland, Netherlands
Jedzychowski,Poland,Poland
Scholten,Poland, Netherlands
M'Cabe,Ireland,Ireland
Adams,Ireland,Ireland
Rijkee,Poland, Netherlands
Tryba,Poland,Poland
Jacak,Poland,Poland
Wasman,Poland, Netherlands
VanDenBosch,Ireland, Netherlands
Adair,Ireland,Ireland
Sommeling,Ireland, Netherlands
Stout,Netherlands, Netherlands
Dyś,Poland, Poland
Cinta,Poland,Poland
Melieste,Poland, Netherlands
Boot,Netherlands, Netherlands
Strzepka,Poland,Poland
M'Adam,Ireland,Ireland
Vinkensteijn,Ireland, Netherlands
VanLoon,Ireland, Netherlands
Munters,Poland, Netherlands
Roos,Poland, Netherlands
VanDiggelen,Ireland, Netherlands
Ouweneel,Poland, Netherlands
M'Cabe,Ireland,Ireland
Strookman,Poland, Netherlands
Schuddebeurs,Poland, Netherlands
VanDerSchoor,Netherlands, Netherlands
Vrijdag,Poland, Netherlands
Iwanaszko,Poland, Poland
Fijołek,Poland, Poland
Socha,Poland, Poland
Quispel,Poland, Netherlands
Boekema,Netherlands, Netherlands
M'Cabe,Ireland,Ireland
Buise,Ireland, Netherlands
Prins,Ireland, Netherlands
Schreuder,Poland, Netherlands
DeLooff,Netherlands, Netherlands
Vellinga,Poland, Netherlands
Schravesande,Poland, Netherlands
Romers,Poland, Netherlands
Adair,Ireland,Ireland
Słomka,Poland, Poland
Hagens,Poland, Netherlands
Been,Netherlands, Netherlands
Bosman,Ireland, Netherlands
VanVeen,Ireland, Netherlands
M'Cabe,Ireland,Ireland
Abrahamovitch,Ireland,Ireland
VanDenBoogert,Ireland, Netherlands
Schreuder,Netherlands, Netherlands
Skrzypek,Poland,Poland
Roggeveen,Ireland, Netherlands
Wijers,Netherlands, Netherlands
Ram,Poland, Netherlands
Sinaasappel,Netherlands, Netherlands
Trzciński,Poland, Poland
Adamowicz,Poland,Poland
Bos,Ireland, Netherlands
W�jtowicz,Poland, Poland
Stevens,Poland, Netherlands
Aktaboski,Poland, Poland
VanBalsvoort,Ireland, Netherlands
M'Cabe,Ireland,Ireland
Schouffoer,Ireland, Netherlands
Skałecka,Poland, Poland
Chudy,Poland,Poland
Bossmann,Poland, Netherlands
Turczyn,Poland, Poland
Dziak,Netherlands, Poland
M'Cabe,Ireland,Ireland
VanLoon,Ireland, Netherlands
M'Cabe,Ireland,Ireland
Baars,Ireland, Netherlands
M'Cabe,Ireland,Ireland
Boonstra,Ireland, Netherlands
Schuiten,Poland, Netherlands
Rogers,Poland,Ireland
Boerman,Poland, Netherlands
M'Adam,Ireland,Ireland
VanRongen,Netherlands, Netherlands
Buttinger,Poland, Netherlands
Tryba,Poland,Poland
Trzcińska,Poland, Poland
Edeling,Netherlands, Netherlands
Verbeek,Ireland, Netherlands
VanDenBosch,Poland, Netherlands
VanDerGrint,Netherlands, Netherlands
Sophia,Poland,Poland
Schrier,Netherlands, Netherlands
Slegers,Netherlands, Netherlands
Timmer,Poland, Netherlands
Abernethy,Ireland,Ireland
Veld,Poland, Netherlands
Vink,Ireland, Netherlands
Evertse,Poland, Netherlands
Adams,Ireland,Ireland
Sharkey,Ireland,Ireland
M'Cabe,Ireland,Ireland
Bianchi,Poland, Netherlands
Melis,Ireland, Netherlands
Bergschneider,Ireland, Netherlands
VanHeusden,Netherlands, Netherlands
M'Carron,Ireland,Ireland
Stoets,Poland, Netherlands
Zaczebiak,Poland,Poland
Komiczony,Poland,Poland
Abraham,Ireland,Ireland
Topor,Poland,Poland
Romeijn,Netherlands, Netherlands
VanDerVelden,Poland, Netherlands
Strzyz,Poland,Poland
Upington,Ireland,Ireland
Veldhoven,Ireland, Netherlands
Adair,Ireland,Ireland
Stello,Poland, Netherlands
DeBruin,Poland, Netherlands
Faber,Poland, Netherlands
M'Cabe,Ireland,Ireland
M'Cabe,Ireland,Ireland
VanEijk,Poland, Netherlands
Słoda,Poland, Poland
Enzlin,Netherlands, Netherlands
Schreurs,Ireland, Netherlands
Ouden,Poland, Netherlands
VanDenBosch,Poland, Netherlands
Skrzyp,Poland,Poland
VanDerZant,Ireland, Netherlands
Tryk,Ireland, Poland
Skarz,Poland,Poland
Adamson,Ireland,Ireland
DeWaardOrBorman,Poland, Netherlands
Sewing,Poland, Netherlands
M'Cabe,Ireland,Ireland
DeLoor,Netherlands, Netherlands
Trimp,Poland, Netherlands
Olep,Poland, Netherlands
Trzcński,Poland, Poland
M'Cabe,Ireland,Ireland
Kraayeveld,Ireland, Netherlands
Slotboom,Poland, Netherlands
Adams,Ireland,Ireland
Aarnoudse,Ireland, Netherlands
Abraham,Ireland,Ireland
Westdijk,Netherlands, Netherlands
DeMor�,Poland, Netherlands
Stinis,Netherlands, Netherlands
Arnoldus,Poland, Netherlands
Torcque,Poland, Netherlands
Turczak,Poland,Poland
Bos,Poland, Netherlands
Skoza,Poland,Poland
Abernethy,Ireland,Ireland
M'Cabe,Ireland,Ireland
VanStrien,Poland, Netherlands
Mulder,Netherlands, Netherlands
DeBeauveser,Poland, Netherlands
M'Cabe,Ireland,Ireland
Urtukri,Poland,Poland
R�hrs,Poland, Netherlands
VanVliet,Poland, Netherlands
Skraińska,Netherlands, Poland
Skoeniera,Ireland,Poland
Schimmel,Poland, Netherlands
Simons,Ireland, Netherlands
Akkersdijk,Poland, Netherlands
DeGroot,Poland, Netherlands
VanPoortvliet,Ireland, Netherlands
Lobeck,Poland, Netherlands
Tryba,Poland,Poland
Ladislaus,Poland,Poland
Tryba,Poland,Poland
Roelofse,Netherlands, Netherlands
Bakker,Ireland, Netherlands
Bieber,Ireland, Netherlands
Reville,Netherlands,Ireland
Kreuk,Netherlands, Netherlands
Skrzypa,Poland, Poland
VanSteenhoven,Ireland, Netherlands
Bosch,Poland, Netherlands
Skwira,Poland,Poland
DeBoom,Poland, Netherlands
VanDerHoek,Poland, Netherlands
Adams,Ireland,Ireland
Siek,Poland, Poland
Stout,Poland, Netherlands
Skrzypa,Poland, Poland
Adamczyk,Poland,Poland
Vaandrager,Poland, Netherlands
Chudy,Poland,Poland
Troost,Poland, Netherlands
Scholte,Netherlands, Netherlands
VanDerSchoor,Ireland, Netherlands
Boogaard,Poland, Netherlands
Tomala,Ireland, Poland
Romers,Poland, Netherlands
Otrocki,Poland, Poland
Uiterwijk,Poland, Netherlands
Acton,Ireland,Ireland
Bos,Netherlands, Netherlands
VanSanten,Netherlands, Netherlands
M'Carron,Ireland,Ireland
Tragarz,Poland,Poland
Slingerland,Netherlands, Netherlands
VanHeusden,Poland, Netherlands
Reijnen,Poland, Netherlands
Werner,Netherlands, Netherlands
Adams,Ireland,Ireland
Acton,Ireland,Ireland
Torczon,Poland,Poland
Slazyk,Poland,Poland
Bahnerth,Ireland, Netherlands
Rond,Poland, Netherlands
Harteveld,Netherlands, Netherlands
Metaal,Ireland, Netherlands
Szyszko,Ireland, Poland
Voogt,Poland, Netherlands
VanEijk,Netherlands, Netherlands
VanLoon,Ireland, Netherlands
Adair,Ireland,Ireland
Tryba,Poland,Poland
Wiśniewski,Poland, Poland
Skore,Poland,Poland
Wassenberg,Poland, Netherlands
VanAken,Netherlands, Netherlands
Stefanik,Poland,Poland
Sterrenburg,Netherlands, Netherlands
M'Carron,Ireland,Ireland
Roos,Poland, Netherlands
Trojan,Poland,Poland
Harkema,Poland, Netherlands
Hardenberg,Ireland, Netherlands
Roorda,Ireland, Netherlands
Adams,Ireland,Ireland
Agthoven,Netherlands, Netherlands
Boonstra,Poland, Netherlands
Vos,Netherlands, Netherlands
VanKeulen,Ireland, Netherlands
Skrzekut,Poland,Poland
Bottema,Netherlands, Netherlands
Adair,Ireland,Ireland
Adams,Ireland,Ireland
Zieliński,Ireland, Poland
Jacak,Poland,Poland
Faber,Netherlands, Netherlands
Evers,Poland, Netherlands
Jonkman,Netherlands, Netherlands
Stevens,Poland, Netherlands
Schildwagt,Ireland, Netherlands
Adams,Ireland,Ireland
Romers,Netherlands, Netherlands
Zindel,Poland, Netherlands
Trojanowski,Poland,Poland
Sitarz,Ireland, Poland
M'Cabe,Ireland,Ireland
VanDenBoogaard,Ireland, Netherlands
Elvers,Netherlands, Netherlands
Skosresi,Poland,Poland
Wielhouwer,Poland, Netherlands
Lodder,Poland, Netherlands
Jocker,Poland, Netherlands
Roelofsen,Ireland, Netherlands
Bos,Netherlands, Netherlands
Schoonens,Ireland, Netherlands
Acton,Ireland,Ireland
Whitten,Ireland,Ireland
Siekalska,Netherlands, Poland
Adams,Ireland,Ireland
Bus,Poland, Netherlands
Adams,Ireland,Ireland
Slingerland,Poland, Netherlands
Millo,Netherlands, Netherlands
Skrujniarz,Poland,Poland
Słomka,Ireland, Poland
Wrzołek,Poland, Poland
Stefanski,Poland,Poland
Jabcuga,Poland,Poland
Verschoor,Poland, Netherlands
Veger,Poland, Netherlands
Roodzand,Poland, Netherlands
Skzymorz,Poland,Poland
Harbrink,Poland, Netherlands
,Poland, Poland
M'Cabe,Ireland,Ireland
Stefanski,Poland,Poland
Bartels,Ireland, Netherlands
Skrabański,Poland, Poland
Bos,Netherlands, Netherlands
Adams,Ireland,Ireland
VanKnossenburgOrVanDenAbeele,Poland, Netherlands
Iburg,Netherlands, Netherlands
M'Cabe,Ireland,Ireland
Stad,Ireland, Netherlands
Czekalska,Poland, Poland
VanDenBosch,Ireland, Netherlands
Schouten,Netherlands, Netherlands
Schotel,Netherlands, Netherlands
VanHorsigh,Netherlands, Netherlands
VanDerStoep,Ireland, Netherlands
Gadzała,Ireland, Poland
VanDerPlas,Ireland, Netherlands
Szwed,Poland, Poland
Both,Ireland, Netherlands
Veldhoen,Poland, Netherlands
Adamczyk,Poland,Poland
Oosterbroek,Poland, Netherlands
VanBeek,Poland, Netherlands
Pietraś,Netherlands, Poland
VanWelsenis,Poland, Netherlands
Adamson,Ireland,Ireland
Adamson,Ireland,Ireland
Fota,Poland, Poland
Aicken,Ireland,Ireland
Lodder,Poland, Netherlands
Turkosz,Poland,Poland
Bus,Ireland, Netherlands
VanEijk,Netherlands, Netherlands
Eijke,Poland, Netherlands
Voogt,Ireland, Netherlands
Beijerling,Netherlands, Netherlands
Straten,Netherlands, Netherlands
Jabłońska,Poland, Poland
Dubbeldam,Poland, Netherlands
R�ske,Poland, Netherlands
Borsten,Netherlands, Netherlands
VanDerPoel,Poland, Netherlands
Seevinck,Poland, Netherlands
Adair,Ireland,Ireland
Vink,Poland, Netherlands
Adamczyk,Poland,Poland
M'Cabe,Ireland,Ireland
Chudy,Poland,Poland
VanDerVelden,Netherlands, Netherlands
VanDerSteen,Poland, Netherlands
Steenbeek,Netherlands, Netherlands
Faas,Ireland, Netherlands
Bohnen,Ireland, Netherlands
Pasek,Poland, Poland
M'Adam,Ireland,Ireland
Sewing,Ireland, Netherlands
Falconer,Poland,Ireland
Slanecko,Poland,Poland
Adair,Ireland,Ireland
VanDerVelden,Netherlands, Netherlands
VanVeen,Poland, Netherlands
Beaurieux,Ireland, Netherlands
VanDerPot,Poland, Netherlands
Sliwa,Poland,Poland
M'Cabe,Ireland,Ireland
Adams,Ireland,Ireland
Edixhoven,Poland, Netherlands
Troost,Poland, Netherlands
Sterkenburg,Poland, Netherlands
Stolk,Poland, Netherlands
VanEs,Ireland, Netherlands
VanEijsden,Netherlands, Netherlands
Sloof,Ireland, Netherlands
Skut,Poland,Poland
VanVliet,Ireland, Netherlands
Adams,Ireland,Ireland
Cisz,Poland, Poland
Voogt,Netherlands, Netherlands
VanExel,Ireland, Netherlands
Pokora,Poland, Poland
VanAken,Ireland, Netherlands
Adair,Ireland,Ireland
Jascuzkowska,Netherlands,Poland
Wiringa,Ireland, Netherlands
VanVelzen,Poland, Netherlands
Skrekut,Poland,Poland
Adair,Ireland,Ireland
Rijke�,Ireland, Netherlands
VanBeek,Ireland, Netherlands
Schoonens,Ireland, Netherlands
Bohnen,Ireland, Netherlands
Keijzer,Poland, Netherlands
Mistel,Poland, Netherlands
Boogaarts,Poland, Netherlands
Voorwinden,Ireland, Netherlands
Verhaar,Poland, Netherlands
VanGelderen,Ireland, Netherlands
Roos,Poland, Netherlands
Huevink,Poland, Netherlands
Heusdens,Ireland, Netherlands
Klippel,Netherlands, Netherlands
M'Cabe,Ireland,Ireland
Sterkman,Netherlands, Netherlands
M'Carron,Ireland,Ireland
Szutko,Poland, Poland
DeBot,Netherlands, Netherlands
M'Carron,Ireland,Ireland
VanDenBosch,Ireland, Netherlands
Evers,Poland, Netherlands
Klein,Poland, Netherlands
Boogerd,Ireland, Netherlands
Haarbrink,Poland, Netherlands
Fabrie,Poland, Netherlands
VanBoven,Ireland, Netherlands
M'Cabe,Ireland,Ireland
Tromp,Poland, Netherlands
Stanisławek,Poland, Poland
VanDerSteen,Poland, Netherlands
Adair,Ireland,Ireland
M'Cabe,Ireland,Ireland
Sitarz,Poland, Poland
Ridderhof,Poland, Netherlands
VanVeldhuizen,Poland, Netherlands
Faber,Ireland, Netherlands
Trom,Poland, Netherlands
Voet,Ireland, Netherlands
M'Carron,Ireland,Ireland
Arts,Poland, Netherlands
Adair,Ireland,Ireland
M'Carron,Ireland,Ireland
Strikwerda,Poland, Netherlands
Boerop,Netherlands, Netherlands
Bergwerf,Poland, Netherlands
M'Cabe,Ireland,Ireland
VanDerSteen,Poland, Netherlands
Roos,Netherlands, Netherlands
Tragarz,Poland,Poland
,Netherlands, Poland
M'Adams,Ireland,Ireland
Waarman,Netherlands, Netherlands
M'Cabe,Ireland,Ireland
VanVeen,Ireland, Netherlands
Warner,Poland, Netherlands
Stępniak,Poland, Poland
Roos,Netherlands, Netherlands
Kanieczy,Poland,Poland
Kruijskamp,Poland, Netherlands
Adams,Ireland,Ireland
Abbott,Ireland,Ireland
M'Cabe,Ireland,Ireland
Adair,Ireland,Ireland
Akkerman,Ireland, Netherlands
M'Carron,Ireland,Ireland
VanEck,Ireland, Netherlands
Lourens,Ireland, Netherlands
Tuinstra,Poland, Netherlands
Iburg,Poland, Netherlands
Sluijter,Poland, Netherlands
M'Carron,Ireland,Ireland
Tupker,Netherlands, Netherlands
Swatowska,Ireland, Poland
Spiering,Netherlands, Netherlands
VanDerSteen,Ireland, Netherlands
Adams,Ireland,Ireland
Troost,Netherlands, Netherlands
Simons,Netherlands, Netherlands
VanStralen,Ireland, Netherlands
Kampman,Poland, Netherlands
Krant,Poland, Netherlands
Rutgers,Ireland, Netherlands
Pook,Poland, Netherlands
Borstlap,Ireland, Netherlands
Wójtowicz,Ireland, Poland
Vinke,Poland, Netherlands
Jocker,Netherlands, Netherlands
Schmidt,Poland, Netherlands
Trojan,Poland,Poland
Mirzwa,Poland, Poland
Schoolenberg,Netherlands, Netherlands
VanAalderen,Poland, Netherlands
VanBeek,Poland, Netherlands
M'Cabe,Ireland,Ireland
Adams,Ireland,Ireland
Schmidt,Ireland, Netherlands
White,Ireland,Ireland
M'Cabe,Ireland,Ireland
Roosen,Poland, Netherlands
Adamson,Ireland,Ireland
Siermans,Netherlands, Netherlands
M'Cabe,Ireland,Ireland
VanVeen,Poland, Netherlands
Buijteweg,Netherlands, Netherlands
Webster,Poland,Ireland
M'Cabe,Ireland,Ireland
Adair,Ireland,Ireland
Adamczyk,Poland,Poland
VanDerLeij,Poland, Netherlands
Trochimczuk,Netherlands, Poland
Scheffer,Ireland, Netherlands
VanDerStelt,Netherlands, Netherlands
M'Carron,Ireland,Ireland
Verboom,Netherlands, Netherlands
Biesheuvel,Ireland, Netherlands
Stevyck,Ireland,Poland
Sliwa,Poland,Poland
M'Cabe,Ireland,Ireland
M'Cabe,Ireland,Ireland
Skoczylas,Poland,Poland
VanLokven,Netherlands, Netherlands
Sterrenberg,Poland, Netherlands
VanDerWoerd,Netherlands, Netherlands
Jacak,Poland,Poland
Jacik,Poland,Poland
Bartels,Poland, Netherlands
Abraham,Ireland,Ireland
VanTiggelen,Ireland, Netherlands
Adams,Ireland,Ireland
Ciska,Poland,Poland
,Poland, Poland
Adach,Ireland, Poland
Czekalska,Poland, Poland
VanEijk,Ireland, Netherlands
Adair,Ireland,Ireland
DeGroot,Poland, Netherlands
Wareman,Poland, Netherlands
Roodenrijs,Ireland, Netherlands
M'Cabe,Ireland,Ireland
VanBeek,Netherlands, Netherlands
Adair,Ireland,Ireland
Evers,Netherlands, Netherlands
Jabtonski,Poland,Poland
Arnolds,Netherlands, Netherlands
Ju,Poland, Netherlands
DeBoon,Ireland, Netherlands
M'Cabe,Ireland,Ireland
Rodenburg,Ireland, Netherlands
M'Cabe,Ireland,Ireland
Borsten,Poland, Netherlands
Iwaniak,Poland, Poland
M'Cabe,Ireland,Ireland
Fillekes,Ireland, Netherlands
Psiuk,Poland, Poland
Wnuk,Poland, Poland
Skrzypa,Poland, Poland
Storsbergen,Poland, Netherlands
Holm,Netherlands, Netherlands
Turba,Poland,Poland
Strzepka,Poland,Poland
M'Cabe,Ireland,Ireland
Skrzypek,Poland,Poland
Voogt,Netherlands, Netherlands
Kalinowski,Poland, Poland
Ligthart,Ireland, Netherlands
Adamczuk,Netherlands, Poland
Trzinski,Poland,Poland
DeSlegte,Poland, Netherlands
Adams,Ireland,Ireland
Trojan,Poland,Poland
Lobeck,Netherlands, Netherlands
VanAssendelft,Ireland, Netherlands
VanDenBosch,Poland, Netherlands
Rauwerda,Ireland, Netherlands
DeKurver,Ireland, Netherlands
Meeuwissen,Poland, Netherlands
M'Cabe,Ireland,Ireland
Schreuders,Poland, Netherlands
Schippers,Netherlands, Netherlands
Schouten,Ireland, Netherlands
Metaal,Netherlands, Netherlands
Leenheer,Netherlands, Netherlands
Skapor,Poland,Poland
Verschoor,Poland, Netherlands
Zagraba,Poland, Poland
Beversluis,Poland, Netherlands
VanLoon,Poland, Netherlands
Styrnik,Netherlands, Poland
M'Adam,Ireland,Ireland
Bouman,Ireland, Netherlands
VanSanten,Ireland, Netherlands
Lems,Poland, Netherlands
Zimmerman,Netherlands, Netherlands
Abernathy,Ireland,Ireland
DeRaadt,Netherlands, Netherlands
Stoutjesdijk,Poland, Netherlands
Bosvelt,Poland, Netherlands
DeHaar,Poland, Netherlands
Welling,Ireland, Netherlands
Durkin,Poland,Ireland
Siwczak,Netherlands, Poland
M'Cabe,Ireland,Ireland
Smit,Poland, Netherlands
Vermeer,Poland, Netherlands
Hoepel,Netherlands, Netherlands
VanRongen,Ireland, Netherlands
Timmers,Ireland, Netherlands
Slagmolen,Poland, Netherlands
Turk,Poland, Netherlands
Stoops,Poland, Netherlands
Simons,Netherlands, Netherlands
Trotz,Ireland, Netherlands
Bednarczuk,Poland, Poland
Straatman,Poland, Netherlands
Lops,Netherlands, Netherlands
Storm,Netherlands, Netherlands
VanDenBoogertOrTiddens,Poland, Netherlands
Strijards,Poland, Netherlands
Zagraba,Ireland, Poland
Walas,Poland,Poland
VanKempen,Ireland, Netherlands
Roelofs,Ireland, Netherlands
Goddijn,Ireland, Netherlands
Bestebreurtje,Netherlands, Netherlands
Simons,Poland, Netherlands
Skrzypiek,Poland,Poland
Aartsen,Poland, Netherlands
Tarkowska,Poland, Poland
Handele,Poland, Netherlands
Skalda,Poland,Poland
Adamska,Poland, Poland
Adamczyk,Poland,Poland
VanDerSter,Netherlands, Netherlands
Towrovski,Poland,Poland
M'Cabe,Ireland,Ireland
Bruinix,Poland, Netherlands
Verheij,Poland, Netherlands
Hogan,Poland,Ireland
VanJaarsveld,Netherlands, Netherlands
Anderson,Ireland,Ireland
Adams,Ireland,Ireland
Kozyra,Poland, Poland
Zaskora,Poland,Poland
Streefkerk,Netherlands, Netherlands
Skowron,Poland,Poland
Sluijter,Poland, Netherlands
Boesenach,Ireland, Netherlands
Skowron,Poland,Poland
Łakoma,Poland, Poland
Boogaard,Netherlands, Netherlands
VanZanten,Netherlands, Netherlands
Tattje,Ireland, Netherlands
Oosterom,Poland, Netherlands
Wauteleers,Poland, Netherlands
Vellekoop,Ireland, Netherlands
Voogt,Ireland, Netherlands
Trouwborst,Ireland, Netherlands
Trojan,Poland,Poland
Sitko,Poland,Poland
Adair,Ireland,Ireland
Adams,Ireland,Ireland
Razny,Poland, Poland
Tromp,Poland, Netherlands
VanBeuzekom,Poland, Netherlands
M'Cabe,Ireland,Ireland
Sudmann,Poland, Netherlands
/,Ireland,Poland
Tollig,Ireland, Netherlands
Tryba,Poland,Poland
Abbott,Ireland,Ireland
VanVelzen,Poland, Netherlands
VanZandt,Poland, Netherlands
Mazur,Poland, Poland
Oudhuizen,Poland, Netherlands
Schrijnder,Ireland, Netherlands
Boone,Netherlands, Netherlands
Arbous,Poland, Netherlands
DeRoos,Netherlands, Netherlands
Tarkowski,Poland, Poland
Manse,Ireland, Netherlands
Slunecka,Poland,Poland
Strepka,Poland,Poland
Adams,Ireland,Ireland
Ostrowska,Ireland, Poland
M'Cabe,Ireland,Ireland
Groeneweg,Poland, Netherlands
Słowik,Poland, Poland
M'Cabe,Ireland,Ireland
M'Cabe,Ireland,Ireland
VanEijk,Poland, Netherlands
M'Adam,Ireland,Ireland
VanDenBosch,Poland, Netherlands
Verschoor,Poland, Netherlands
Stefańska,Poland, Poland
Kinsbergen,Netherlands, Netherlands
Vellinga,Ireland, Netherlands
Stello,Poland, Netherlands
Lange,Ireland, Netherlands
Otte,Netherlands, Netherlands
Jacques,Netherlands, Netherlands
Stevens,Poland, Netherlands
Verhagen,Poland, Netherlands
Sauer,Poland, Netherlands
Adamson,Ireland,Ireland
Zagraba,Netherlands, Poland
VanEijk,Poland, Netherlands
Sikma,Netherlands, Netherlands
Stefaniak,Ireland, Poland
M'Cabe,Ireland,Ireland
M'Cabe,Ireland,Ireland
Bek,Poland, Netherlands
Bradfield,Ireland,Ireland
Acton,Ireland,Ireland
Stoppelenburg,Ireland, Netherlands
Sitko,Poland,Poland
Szyszkowska,Poland, Poland
Slezak,Poland,Poland
Abbott,Ireland,Ireland
Adams,Ireland,Ireland
Adamson,Ireland,Ireland
Orłowska,Poland, Poland
Madlener,Ireland, Netherlands
Domhoff,Poland, Netherlands
Swistek,Poland,Poland
Adams,Ireland,Ireland
Voets,Poland, Netherlands
Skurska,Poland, Poland
Faas,Netherlands, Netherlands
Esveld,Ireland, Netherlands
Jakson,Poland,Poland
Skrzypa,Poland, Poland
Adair,Ireland,Ireland
Boogaart,Poland, Netherlands
Maan,Ireland, Netherlands
Słomka,Netherlands, Poland
DeBeukelaar,Poland, Netherlands
Voogt,Netherlands, Netherlands
M'Cabe,Ireland,Ireland
Troć,Ireland, Poland
Djabetek,Poland,Poland
Scva,Poland,Poland
Lumsden,Ireland,Ireland
VanDerVoorden,Netherlands, Netherlands
Tragarz,Poland,Poland
Struijk,Netherlands, Netherlands
VanKuilenburg,Netherlands, Netherlands
Maaskant,Ireland, Netherlands
Dzwonkowski,Poland, Poland
VanDerVeen,Poland, Netherlands
Adams,Ireland,Ireland
M'Cabe,Ireland,Ireland
Oussoren,Ireland, Netherlands
M'Adam,Ireland,Ireland
M'Cabe,Ireland,Ireland
Adair,Ireland,Ireland
VanAtten,Netherlands, Netherlands
Slaszak,Poland,Poland
Lukkien,Poland, Netherlands
Steenstra,Poland, Netherlands
Abernethy,Ireland,Ireland
Rogier,Netherlands, Netherlands
Jablonski,Poland,Poland
Lobeck,Poland, Netherlands
Schoonhagen,Poland, Netherlands
Simonis,Netherlands, Netherlands
Hos,Poland, Netherlands
VanDerVoet,Ireland, Netherlands
VanLuin,Poland, Netherlands
Arnold,Poland,Ireland
Storm,Netherlands, Netherlands
M'Cabe,Ireland,Ireland
Stepro,Poland,Poland
Wareman,Netherlands, Netherlands
M'Cabe,Ireland,Ireland
Simms,Ireland,Ireland
VanEssel,Poland, Netherlands
Looij,Poland, Netherlands
Skowron,Poland,Poland
Adamczuk,Ireland, Poland
Adair,Ireland,Ireland
Bontenbal,Ireland, Netherlands
Syk,Poland, Poland
Scholte,Netherlands, Netherlands
Aarnoudse,Ireland, Netherlands
Skowera,Poland,Poland
Stuijt,Ireland, Netherlands
M'Cabe,Ireland,Ireland
Steeman,Ireland, Netherlands
Sypek,Poland,Poland
Stalica,Poland,Poland
Adams,Ireland,Ireland
Troost,Poland, Netherlands
Rijnberk,Poland, Netherlands
VanDerWerf,Ireland, Netherlands
Stelloo,Netherlands, Netherlands
M'Cabe,Ireland,Ireland
Straatsheim,Ireland, Netherlands
M'Cabe,Ireland,Ireland
Tudrujek,Poland, Poland
M'Adam,Ireland,Ireland
Besselink,Ireland, Netherlands
Gorissen,Poland, Netherlands
M'Carron,Ireland,Ireland
Bos,Netherlands, Netherlands
Scheffers,Netherlands, Netherlands
Strookman,Netherlands, Netherlands
DeHaer,Netherlands, Netherlands
M'Cabe,Ireland,Ireland
Boos,Ireland, Netherlands
Tryba,Poland,Poland
Styrnik,Ireland, Poland
Skiora,Poland,Poland
Słomka,Ireland, Poland
Adams,Ireland,Ireland
Turba,Poland,Poland
VanEttekoven,Ireland, Netherlands
M'Crory,Ireland,Ireland
VanDerVelden,Ireland, Netherlands
M'Cabe,Ireland,Ireland
B�ttcher,Ireland, Netherlands
Hoekstra,Ireland, Netherlands
Hardenbol,Ireland, Netherlands
Hoogvliet,Ireland, Netherlands
M'Carron,Ireland,Ireland
Stokvis,Poland, Netherlands
VanDerMeijden,Ireland, Netherlands
Frank,Poland, Netherlands
Schreuder,Poland, Netherlands
Skirlinski,Poland,Poland
Rook,Poland, Netherlands
Chmiel,Ireland, Poland
Mud,Poland, Netherlands
Scheffers,Poland, Netherlands
Wielgus,Poland, Poland
Scheffers,Poland, Netherlands
Sluijter,Ireland, Netherlands
Jablonski,Poland,Poland
Verschoor,Netherlands, Netherlands
Boogaart,Ireland, Netherlands
Adair,Ireland,Ireland
VanDinter,Netherlands, Netherlands
Skrekut,Poland,Poland
Sas,Poland, Netherlands
Muller,Netherlands, Netherlands
M'Cabe,Ireland,Ireland
Aalbers,Ireland, Netherlands
Maaskant,Ireland, Netherlands
Buisman,Poland, Netherlands
Roukens,Netherlands, Netherlands
VanDerWilt,Ireland, Netherlands
Bestebreurtje,Netherlands, Netherlands
Boshuizen,Poland, Netherlands
Rook,Netherlands, Netherlands
Elisabeth,Poland,Poland
Slezak,Poland,Poland
Adair,Ireland,Ireland
Siekalski,Ireland, Poland
Bovens,Ireland, Netherlands
VanDerLaak,Ireland, Netherlands
Ronteltap,Ireland, Netherlands
Veen,Poland, Netherlands
M'Cabe,Ireland,Ireland
Filius,Ireland, Netherlands
M'Cabe,Ireland,Ireland
Slachur,Poland,Poland
Adams,Ireland,Ireland
Voogt,Poland, Netherlands
Jabłońska,Netherlands, Poland
VanEijk,Netherlands, Netherlands
VanHerp,Ireland, Netherlands
Szypon,Poland,Poland
Troost,Netherlands, Netherlands
Adair,Ireland,Ireland
VanAalst,Ireland, Netherlands
Szyszko,Ireland, Poland
Sluijter,Ireland, Netherlands
Cistek,Poland,Poland
Biesheuvel,Poland, Netherlands
Kind,Netherlands, Netherlands
Aarnoudse,Ireland, Netherlands
Tudorowska,Netherlands, Poland
Slezak,Poland,Poland
Baris,Poland, Netherlands
VanVeen,Netherlands, Netherlands
Juczek,Poland,Poland
Skoczylas,Poland, Poland
VanSanten,Ireland, Netherlands
VanDerJagt,Netherlands, Netherlands
Simons,Poland, Netherlands
Streep,Netherlands, Netherlands
Verheul,Poland, Netherlands
Hardenbol,Ireland, Netherlands
Tupker,Ireland, Netherlands
Veenman,Poland, Netherlands
Pop,Poland, Netherlands
Steenbergen,Poland, Netherlands
Adams,Ireland,Ireland
Tryba,Poland,Poland
Harsing,Poland, Netherlands
Holzhauer,Ireland, Netherlands
Bronislava,Ireland,Poland
Hardenbol,Poland, Netherlands
Gumulak,Poland,Poland
Irvine,Ireland,Ireland
Słupecki,Poland, Poland
VanDenBosch,Poland, Netherlands
Adair,Ireland,Ireland
VanJaarsveld,Poland, Netherlands
Gram,Poland, Netherlands
VanDerSlik,Ireland, Netherlands
VanGameren,Poland, Netherlands
Pyda,Poland, Poland
Romijn,Poland, Netherlands
M'Carron,Ireland,Ireland
Karthon,Poland, Netherlands
Schrier,Ireland, Netherlands
Schout,Poland, Netherlands
Skoczylas,Poland,Poland
Scheuller,Poland, Netherlands
Bos,Ireland, Netherlands
Skarbek,Poland,Poland
VanDenBos,Poland, Netherlands
Bosman,Ireland, Netherlands
M'Cabe,Ireland,Ireland
DeLange,Poland, Netherlands
Piotrowska,Poland, Poland
Abramek,Poland, Poland
Ottervanger,Netherlands, Netherlands
Stefańska,Netherlands, Poland
Adair,Ireland,Ireland
Adams,Ireland,Ireland
VanEijk,Poland, Netherlands
VanBueren,Ireland, Netherlands
VanDerKooij,Poland, Netherlands
Romeijn,Netherlands, Netherlands
Skoczylas,Poland, Poland
Kucharczyk,Poland, Poland
M'Carron,Ireland,Ireland
M'Carron,Ireland,Ireland
Adamczyk,Poland, Poland
VanGestel,Poland, Netherlands
Visser,Ireland, Netherlands
M'Cabe,Ireland,Ireland
Stinis,Ireland, Netherlands
Johansen,Poland, Netherlands
Coobs,Poland, Netherlands
Skrobucha,Netherlands, Poland
Trzydziak,Poland,Poland
M'Cabe,Ireland,Ireland
Abernethy,Ireland,Ireland
Trybulska,Netherlands, Poland
Maasbach,Poland, Netherlands
M'Cabe,Ireland,Ireland
Busemeijer,Ireland, Netherlands
Boot,Poland, Netherlands
Szkaradek,Poland,Poland
Adams,Ireland,Ireland
Kuene,Poland, Netherlands
Rooderkerk,Poland, Netherlands
M'Adam,Ireland,Ireland
Rodzki,Poland, Poland
Iversen,Poland, Netherlands
Sim,Poland,Ireland
Meijnders,Poland, Netherlands
DeRaat,Poland, Netherlands
Tokar,Poland,Poland
Adams,Ireland,Ireland
Adair,Ireland,Ireland
Styrnik,Poland, Poland
Best,Poland,Ireland
Abrahamson,Ireland,Ireland
Szyndal,Poland,Poland
VanVeen,Ireland, Netherlands
Abelman,Poland, Netherlands
VanEwijk,Ireland, Netherlands
Cummins,Netherlands,Ireland
Adams,Ireland,Ireland
Diepstraten,Ireland, Netherlands
Schreuders,Poland, Netherlands
Vat,Poland, Netherlands
Walas,Poland,Poland
Trzcinski,Poland,Poland
Kruidenier,Poland, Netherlands
Schotel,Poland, Netherlands
Metaal,Poland, Netherlands
DeWith,Netherlands, Netherlands
M'Cabe,Ireland,Ireland
M'Cabe,Ireland,Ireland
VanVeen,Poland, Netherlands
Adams,Ireland,Ireland
Willekes,Poland, Netherlands
Kramer,Poland, Netherlands
Sjollema,Netherlands, Netherlands
Roelofsen,Ireland, Netherlands
Bos,Poland, Netherlands
Berendsen,Ireland, Netherlands
Adams,Ireland,Ireland
Bielak,Ireland, Poland
Jacques,Netherlands, Netherlands
DeVoogt,Ireland, Netherlands
,Ireland, Poland
Welling,Ireland, Netherlands
White,Ireland,Ireland
Bout,Poland, Netherlands
Rotte,Poland, Netherlands
Batenburg,Poland, Netherlands
Schonenberg,Netherlands, Netherlands
Dudziak,Netherlands, Poland
Booij,Poland, Netherlands
M'Adam,Ireland,Ireland
Tudrujek,Ireland, Poland
Skrzypiec,Poland,Poland
Abraham,Ireland,Ireland
DeRuiter,Poland, Netherlands
Sloan,Ireland,Ireland
Skladzien,Poland,Poland
Pakker,Netherlands, Netherlands
Styrnik,Ireland, Poland
Velthuijzen,Ireland, Netherlands
DeCock,Ireland, Netherlands
Strzepka,Poland,Poland
Tryszczyta,Poland,Poland
Sławiński,Ireland, Poland
Witek,Poland, Poland
Biesheuvel,Poland, Netherlands
Schouten,Ireland, Netherlands
Frączek,Poland, Poland
Klijn,Poland, Netherlands
Room,Poland, Netherlands
Skrzypiec,Poland,Poland
Otrocki,Poland, Poland
Tomala,Poland, Poland
Deurloo,Ireland, Netherlands
Zacsyk,Poland,Poland
Skrzypek,Poland, Poland
Boonstra,Poland, Netherlands
M'Carron,Ireland,Ireland
Luijdjens,Ireland, Netherlands
Sluijter,Poland, Netherlands
Timmers,Ireland, Netherlands
Adair,Ireland,Ireland
Bos,Poland, Netherlands
M'Cabe,Ireland,Ireland
Bolscher,Poland, Netherlands
Tatara,Ireland, Poland
Klein,Poland, Netherlands
Słomka,Ireland, Poland
DeGroot,Ireland, Netherlands
Breejen,Poland, Netherlands
Stoppelenburg,Ireland, Netherlands
DeSilva,Ireland, Netherlands
M'Carron,Ireland,Ireland
Roozeboom,Poland, Netherlands
Zeeuw,Netherlands, Netherlands
DeVoogt,Poland, Netherlands
Sokołowska,Netherlands, Poland
Seip,Netherlands, Netherlands
Jabłoński,Ireland, Poland
Luijdjens,Netherlands, Netherlands
Siczek,Poland, Poland
Turchala,Poland,Poland
Bouman,Poland, Netherlands
DeVaal,Poland, Netherlands
Adair,Ireland,Ireland
Wolthuis,Poland, Netherlands
Adams,Ireland,Ireland
Romijn,Poland, Netherlands
Moerland,Netherlands, Netherlands
Boerlage,Ireland, Netherlands
Słomka,Ireland, Poland
Boelhouwer,Ireland, Netherlands
Siwiec,Poland,Poland
Biesheuvel,Poland, Netherlands
Logman,Poland, Netherlands
Kooij,Poland, Netherlands
Rijke,Ireland, Netherlands
Trybus,Poland,Poland
Hardeman,Netherlands, Netherlands
Stępień,Ireland, Poland
Timmers,Netherlands, Netherlands
,Ireland, Poland
Roggeveen,Ireland, Netherlands
Skaradek,Poland,Poland
Willebrands,Poland, Netherlands
Adair,Ireland,Ireland
VanSanten,Poland, Netherlands
Trojak,Poland,Poland
Vink,Ireland, Netherlands
Doherty,Ireland,Ireland
Schellekens,Ireland, Netherlands
Spook,Netherlands, Netherlands
M'Carron,Ireland,Ireland
Stad,Poland, Netherlands
Siekalski,Poland, Poland
Adams,Ireland,Ireland
Ebbeler,Ireland, Netherlands
M'Adam,Ireland,Ireland
Skowron,Poland,Poland
Lodewijkx,Ireland, Netherlands
Scheffers,Poland, Netherlands
M'Cabe,Ireland,Ireland
Walas,Poland,Poland
M'Adam,Ireland,Ireland
Schulte,Poland, Netherlands
Schoovers,Poland, Netherlands
Bosman,Poland, Netherlands
VanDerWielen,Netherlands, Netherlands
VanLoon,Poland, Netherlands
Muller,Netherlands, Netherlands
Schramade,Netherlands, Netherlands
Schroevers,Poland, Netherlands
Skubak,Poland,Poland
Slingerland,Poland, Netherlands
Cistek,Poland,Poland
Sluijter,Netherlands, Netherlands
Schleper,Poland, Netherlands
Boelee,Poland, Netherlands
VanLeenman,Ireland, Netherlands
Ferwerda,Netherlands, Netherlands
Schuler,Poland, Netherlands
Coster,Ireland, Netherlands
Tragarz,Poland,Poland
Storm,Poland, Netherlands
M'Cabe,Ireland,Ireland
M'Carron,Ireland,Ireland
Chudy,Poland,Poland
VanDerStel,Poland, Netherlands
Abbott,Ireland,Ireland
Akkermans,Poland, Netherlands
Schuurman,Ireland, Netherlands
Jedrychowski,Poland,Poland
Evers,Ireland, Netherlands
Karbek,Poland,Poland
Skryudes,Poland,Poland
Boogert,Poland, Netherlands
VanBreugel,Netherlands, Netherlands
VanAken,Ireland, Netherlands
Bos,Poland, Netherlands
Adams,Ireland,Ireland
Franciscus,Poland,Poland
Groenendijk,Ireland, Netherlands
M'Adam,Ireland,Ireland
VanDerWerff,Poland, Netherlands
Evertse,Netherlands, Netherlands
Aalbers,Netherlands, Netherlands
Evers,Poland, Netherlands
Neidh�fer,Poland, Netherlands
Schouten,Ireland, Netherlands
Aickin,Ireland,Ireland
Romeijn,Netherlands, Netherlands
Skowzon,Poland,Poland
,Poland, Poland
Jablonski,Poland,Poland
Gerritsen,Poland, Netherlands
M'Cabe,Ireland,Ireland
Adams,Ireland,Ireland
Trouwborst,Poland, Netherlands
M'Cabe,Ireland,Ireland
M'Cabe,Ireland,Ireland
Abraham,Ireland,Ireland
Adamski,Ireland, Poland
Dziubińska,Poland, Poland
Skora,Poland,Poland
VanVuuren,Poland, Netherlands
Sijlaar,Poland, Netherlands
VanAart,Poland, Netherlands
M'Carron,Ireland,Ireland
M'Cabe,Ireland,Ireland
Lodder,Poland, Netherlands
VanDerVelden,Ireland, Netherlands
Vink,Poland, Netherlands
Śledź,Poland, Poland
M'Cabe,Ireland,Ireland
Jonker,Ireland, Netherlands
Vellekoop,Netherlands, Netherlands
DeMink,Ireland, Netherlands
Tillekens,Poland, Netherlands
VanRheen,Netherlands, Netherlands
Bosbaan,Poland, Netherlands
Adams,Ireland,Ireland
Seternus,Poland,Poland
Sliwka,Poland,Poland
Schr�der,Netherlands, Netherlands
VanOs,Ireland, Netherlands
Turk,Poland, Netherlands
Stout,Poland, Netherlands
Wasman,Poland, Netherlands
Tryba,Poland,Poland
Abraham,Ireland,Ireland
Abernethy,Ireland,Ireland
Skrzyniarz,Poland,Poland
Millierij,Ireland, Netherlands
Rook,Poland, Netherlands
Bottcher,Poland, Netherlands
Kozioł,Poland, Poland
Adamson,Ireland,Ireland
Siwak,Poland,Poland
Boekema,Poland, Netherlands
Sapiecha,Netherlands, Poland
Krzypiec,Poland,Poland
Zwetheul,Ireland, Netherlands
Kozieł,Poland, Poland
Anna,Poland,Poland
M'Cabe,Ireland,Ireland
VanLoon,Poland, Netherlands
M'Carron,Ireland,Ireland
Rijnbende,Poland, Netherlands
M'Cabe,Ireland,Ireland
M'Cabe,Ireland,Ireland
Ieselaar,Poland, Netherlands
Bol,Poland, Netherlands
Skrzymiarz,Poland,Poland
Strijards,Netherlands, Netherlands
Tryba,Poland,Poland
Abbott,Ireland,Ireland
Trzeinski,Poland,Poland
M'Cabe,Ireland,Ireland
Adach,Ireland, Poland
M'Cabe,Ireland,Ireland
Batenburg,Poland, Netherlands
Suzuru,Poland,Poland
M'Cabe,Ireland,Ireland
Wasserval,Ireland, Netherlands
Vogelaar,Poland, Netherlands
Steinbach,Poland, Netherlands
Sullivan,Ireland,Ireland
M'Cabe,Ireland,Ireland
Boutier,Netherlands, Netherlands
Adamska,Poland, Poland
O'Daire,Ireland,Ireland
Siermans,Ireland, Netherlands
M'Cabe,Ireland,Ireland
Kubis,Poland, Poland
Bos,Ireland, Netherlands
Jurkowski,Poland, Poland
M'Cabe,Ireland,Ireland
Ignatius,Poland, Netherlands
Mineur,Netherlands, Netherlands
Śledź,Poland, Poland
M'Cabe,Ireland,Ireland
VanVeen,Netherlands, Netherlands
Metaal,Netherlands, Netherlands
M'Cabe,Ireland,Ireland
M'Cabe,Ireland,Ireland
Besten,Poland, Netherlands
Adams,Ireland,Ireland
Joannes,Poland,Poland
Huizer,Poland, Netherlands
Van'TSant,Netherlands, Netherlands
Droppert,Poland, Netherlands
Gumulak,Poland,Poland
Ackland,Ireland,Ireland
Roggeveen,Poland, Netherlands
Wirds,Ireland, Netherlands
R�mer,Poland, Netherlands
Buijs,Netherlands, Netherlands
Budding,Ireland, Netherlands
Steenblik,Ireland, Netherlands
Aicken,Ireland,Ireland
Hinke,Ireland, Netherlands
Abraham,Ireland,Ireland
Arensman,Poland, Netherlands
M'Cabe,Ireland,Ireland
Voet,Poland, Netherlands
Scott,Ireland,Ireland
Sinda,Poland,Poland
Trojanowska,Poland, Poland
Strijdhorst,Ireland, Netherlands
M'Cabe,Ireland,Ireland
M'Carren,Ireland,Ireland
VanStralen,Poland, Netherlands
Beenakker,Poland, Netherlands
Brijder,Poland, Netherlands
Puer,Ireland,Poland
Skowronek,Poland, Poland
Sliwa,Poland,Poland
M'Carron,Ireland,Ireland
Roelofs,Poland, Netherlands
Aicken,Ireland,Ireland
M'Cabe,Ireland,Ireland
Scholten,Poland, Netherlands
Kalkman,Poland, Netherlands
Adamczyk,Poland,Poland
Adamiak,Netherlands, Poland
Bierman,Poland, Netherlands
DeKorte,Ireland, Netherlands
Evertse,Poland, Netherlands
Abbott,Ireland,Ireland
M'Cabe,Ireland,Ireland
Bosch,Poland, Netherlands
VanHachgenberg,Poland, Netherlands
Stad,Ireland, Netherlands
Skrobucha,Poland, Poland
Skowron,Poland,Poland
VanDenBosch,Netherlands, Netherlands
Miller,Ireland,Ireland
Ilbrink,Ireland, Netherlands
Jabłońska,Netherlands, Poland
B�,Netherlands, Netherlands
Abraham,Ireland,Ireland
VanDerWaal,Netherlands, Netherlands
Jabłoński,Poland, Poland
VanVenrooij,Ireland, Netherlands
M'Cabe,Ireland,Ireland
Beijderwellen,Poland, Netherlands
M'Cabe,Ireland,Ireland
Adamczuk,Poland, Poland
Adams,Ireland,Ireland
Bestebreurtje,Poland, Netherlands
Michael,Poland,Poland
M'Cabe,Ireland,Ireland
Turek,Poland,Poland
Lodders,Netherlands, Netherlands
Pakker,Poland, Netherlands
Wisdom,Poland, Netherlands
Skola,Poland,Poland
Sipak,Netherlands,Poland
Scholten,Poland, Netherlands
Gachkowski,Poland,Poland
Sluiter,Poland, Netherlands
DeHaer,Netherlands, Netherlands
Dennehy,Poland,Ireland
Adamczyk,Poland,Poland
VanDerVelden,Poland, Netherlands
VanHarmelen,Poland, Netherlands
Meijer,Netherlands, Netherlands
M'Cabe,Ireland,Ireland
VanTrigt,Poland, Netherlands
Schrier,Poland, Netherlands
Cats,Poland, Netherlands
M'Cabe,Ireland,Ireland
VanDerSpek,Netherlands, Netherlands
Jawki,Poland,Poland
DeLouw,Poland, Netherlands
VanStraaten,Poland, Netherlands
Bosveld,Poland, Netherlands
Adams,Ireland,Ireland
M'Cabe,Ireland,Ireland
Askamp,Poland, Netherlands
VanDenBoogert,Poland, Netherlands
DeGroot,Netherlands, Netherlands
Siekalski,Poland, Poland
Sloves,Ireland, Netherlands
M'Adams,Ireland,Ireland
M'Cabe,Ireland,Ireland
Słomka,Netherlands, Poland
Adair,Ireland,Ireland
Abbott,Ireland,Ireland
Jachywicz,Poland,Poland
Jablonski,Poland,Poland
Faber,Netherlands, Netherlands
Tovick,Ireland,Poland
Jachym,Poland,Poland
Adair,Ireland,Ireland
VanEisden,Poland, Netherlands
Huisman,Poland, Netherlands
Velthuijzen,Poland, Netherlands
Cinta,Poland,Poland
Stevan,Poland, Netherlands
Siepman,Ireland, Netherlands
Skarbek,Poland,Poland
VanSanten,Netherlands, Netherlands
Bosch,Poland, Netherlands
Boesenach,Ireland, Netherlands
Timmers,Poland, Netherlands
Szlosek,Poland,Poland
VanDuijn,Ireland, Netherlands
Akkermans,Poland, Netherlands
Simonelli,Poland, Netherlands
Timmers,Netherlands, Netherlands
DeSmalen,Poland, Netherlands
M'Cabe,Ireland,Ireland
Tryba,Poland,Poland
Adair,Ireland,Ireland
VanDenBoogert,Netherlands, Netherlands
Berendsen,Poland, Netherlands
Verhaar,Poland, Netherlands
Meijer,Poland, Netherlands
Socha,Poland, Poland
Rook,Netherlands, Netherlands
Romers,Netherlands, Netherlands
Put,Poland, Netherlands
Roelofs,Netherlands, Netherlands
Batenburg,Netherlands, Netherlands
Beermann,Ireland, Netherlands
M'Carron,Ireland,Ireland
Uryniecki,Poland, Poland
Kindermans,Ireland, Netherlands
VanLoon,Netherlands, Netherlands
M'Carron,Ireland,Ireland
Dressel,Netherlands, Netherlands
Czarnecka,Ireland, Poland
Buijs,Poland, Netherlands
Trimp,Poland, Netherlands
Skrzek,Poland,Poland
Abbott,Ireland,Ireland
VanMaaseland,Ireland, Netherlands
Skop,Poland,Poland
Hogedoorn,Poland, Netherlands
Skis,Poland,Poland
Pasman,Poland, Netherlands
Flippo,Ireland, Netherlands
M'Cabe,Ireland,Ireland
VanKempen,Ireland, Netherlands
Sassenburg,Netherlands, Netherlands
Roelofsen,Netherlands, Netherlands
Trojan,Poland,Poland
Timmers,Poland, Netherlands
VanAalderen,Netherlands, Netherlands
Rovers,Poland, Netherlands
Trzceiski,Poland,Poland
Lam,Poland, Netherlands
Skowyra,Poland,Poland
Kraaijkamp,Poland, Netherlands
Dougall,Ireland,Ireland
Adair,Ireland,Ireland
Skorusz,Poland,Poland
Skrzek,Poland,Poland
Dijkstra,Ireland, Netherlands
Boot,Poland, Netherlands
Turkowski,Poland,Poland
Bianchi,Netherlands, Netherlands
Timmers,Poland, Netherlands
White,Ireland,Ireland
Adams,Ireland,Ireland
Skalski,Poland,Poland
VanEijk,Netherlands, Netherlands
Breedveld,Ireland, Netherlands
Borgh,Poland, Netherlands
Konieczny,Poland,Poland
Sipta,Poland, Poland
Skrzkut,Poland,Poland
Rozema,Poland, Netherlands
Zaskalski,Poland,Poland
Maaskant,Ireland, Netherlands
Beermann,Poland, Netherlands
Verhaar,Ireland, Netherlands
Acton,Ireland,Ireland
DeJong,Poland, Netherlands
Schouten,Ireland, Netherlands
M'Adams,Ireland,Ireland
Abraham,Ireland, Netherlands
M'Cabe,Ireland,Ireland
Skowron,Poland,Poland
Siep,Ireland, Netherlands
DeRoode,Poland, Netherlands
Sławęcki,Poland, Poland
Abraham,Ireland,Ireland
VanDerStaaij,Poland, Netherlands
Sktadzien,Poland,Poland
Rozema,Poland, Netherlands
M'Cabe,Ireland,Ireland
VanAssendelft,Netherlands, Netherlands
VanDam,Netherlands, Netherlands
Bon,Netherlands, Netherlands
Adamson,Ireland,Ireland
Stuut,Ireland, Netherlands
Henneman,Ireland, Netherlands
Borg,Netherlands, Netherlands
Skorupa,Poland,Poland
VanDerWaal,Ireland, Netherlands
Sekulski,Poland,Poland
VanVliet,Poland, Netherlands
Adams,Ireland,Ireland
Pazyna,Poland, Poland
Abraham,Ireland,Ireland
Borst,Poland, Netherlands
Widet,Poland,Poland
Adamson,Ireland,Ireland
Jocicz,Poland,Poland
VanVeen,Poland, Netherlands
Coolen,Netherlands, Netherlands
Roozemond,Poland, Netherlands
Bierman,Ireland, Netherlands
Sliwa,Poland,Poland
VanLobbregt,Poland, Netherlands
Adamczuk,Netherlands, Poland
Batenburg,Ireland, Netherlands
Bartels,Poland, Netherlands
M'Cabe,Ireland,Ireland
Lodder,Poland, Netherlands
M'Cabe,Ireland,Ireland
Abraham,Ireland,Ireland
Achthoven,Netherlands, Netherlands
Bleecke,Ireland, Netherlands
Voets,Poland, Netherlands
M'Cabe,Ireland,Ireland
VanAlem,Poland, Netherlands
Troost,Poland, Netherlands
Adamowski,Poland, Poland
Florek,Poland, Poland
Warner,Ireland, Netherlands
Verschoor,Poland, Netherlands
VanStrien,Netherlands, Netherlands
Exalto,Netherlands, Netherlands
Trepcsyziski,Poland,Poland
,Poland, Poland
Słomka,Ireland, Poland
M'Cabe,Ireland,Ireland
Slazyk,Poland,Poland
Tritten,Poland, Netherlands
Gaik,Poland,Poland
Adams,Ireland,Ireland
Koomen,Netherlands, Netherlands
Abbott,Ireland,Ireland
Wserocora,Poland,Poland
Bartels,Poland, Netherlands
Bes,Netherlands, Netherlands
VanVliet,Poland, Netherlands
Sliwa,Poland,Poland
Hanssen,Ireland, Netherlands
Chudy,Poland,Poland
Skrzypek,Poland, Poland
M'Cabe,Ireland,Ireland
Zabratowski,Poland, Poland
M'Cabe,Ireland,Ireland
VanDonk,Poland, Netherlands
Rzodzki,Poland,Poland
VanToledo,Ireland, Netherlands
M'Adam,Ireland,Ireland
Berendsen,Ireland, Netherlands
Rossie,Ireland, Netherlands
Czerszasz,Poland,Poland
Śliwiński,Ireland, Poland
Biniek,Poland, Poland
Been,Poland, Netherlands
Hove,Poland, Netherlands
VanBoven,Poland, Netherlands
M'Cabe,Ireland,Ireland
J�zefczak,Poland, Poland
M'Cabe,Ireland,Ireland
Streppel,Poland, Netherlands
Toreczon,Poland,Poland
Roozemond,Poland, Netherlands
Abernethy,Ireland,Ireland
Mollenbrok,Poland, Netherlands
M'Cabe,Ireland,Ireland
Winters,Poland, Netherlands
Harmeijer,Poland, Netherlands
Rood,Ireland, Netherlands
VanSchaik,Poland, Netherlands
Irvan,Ireland,Poland
Bąk,Netherlands, Poland
Skowron,Poland,Poland
Lodders,Poland, Netherlands
Stefaniak,Poland, Poland
Walas,Poland,Poland
Adamson,Ireland,Ireland
M'Carron,Ireland,Ireland
Stroek,Netherlands, Netherlands
Abram,Poland,Poland
M'Cabe,Ireland,Ireland
Fase,Netherlands, Netherlands
Olep,Netherlands, Netherlands
Buisman,Poland, Netherlands
M'Carron,Ireland,Ireland
Czacherska,Ireland, Poland
Iwański,Ireland, Poland
Skoczylas,Poland, Poland
Vonk,Ireland, Netherlands
Winkel,Poland, Netherlands
Lindemans,Ireland, Netherlands
Bosveld,Poland, Netherlands
Spencer,Ireland,Ireland
VanEijk,Ireland, Netherlands
Bloemendaal,Poland, Netherlands
Roosekrans,Ireland, Netherlands
VanAssendelft,Netherlands, Netherlands
Adamczyk,Poland,Poland
Zeeuwe,Poland, Netherlands
Zwier,Ireland, Netherlands
Schukking,Poland, Netherlands
Adair,Ireland,Ireland
Tryba,Poland,Poland
Sekutwik,Poland,Poland
Schram,Poland, Netherlands
DeSilva,Ireland, Netherlands
Stoorvogel,Poland, Netherlands
Slarzyk,Poland,Poland
M'Cabe,Ireland,Ireland
Ladage,Ireland, Netherlands
Rodi,Ireland, Netherlands
Bollee,Poland, Netherlands
VanSitteren,Netherlands, Netherlands
VanVeen,Poland, Netherlands
DeBoon,Netherlands, Netherlands
Jatowiec,Poland,Poland
VanDerSchoor,Poland, Netherlands
Beermann,Poland, Netherlands
Sauerbier,Poland, Netherlands
Sitarz,Ireland, Poland
VanDerSchrieck,Poland, Netherlands
DeKoning,Poland, Netherlands
Siemons,Netherlands, Netherlands
M'Cabe,Ireland,Ireland
Adams,Ireland,Ireland
Szyszko,Poland, Poland
Adams,Ireland,Ireland
Sliwa,Poland,Poland
Schnitger,Poland, Netherlands
Jatowiec,Poland,Poland
Abbott,Ireland,Ireland
Śliwińska,Poland, Poland
Uycor,Poland,Poland
Walas,Poland,Poland
Minet,Poland, Netherlands
Sprawka,Poland, Poland
Evers,Netherlands, Netherlands
Langerak,Poland, Netherlands
Schouten,Ireland, Netherlands
Stefaniak,Netherlands, Poland
VanDerWoerd,Netherlands, Netherlands
Achthoven,Poland, Netherlands
Ubens,Ireland, Netherlands
Nadorp,Poland, Netherlands
Psiuk,Poland, Poland
Boogaard,Netherlands, Netherlands
Elperdink,Poland, Netherlands
Skrzypiec,Poland,Poland
Boogerd,Netherlands, Netherlands
Tryba,Poland,Poland
VanDenBos,Netherlands, Netherlands
Skrzynek,Poland,Poland
Plasmans,Poland, Netherlands
Kooijman,Netherlands, Netherlands
Stokman,Ireland, Netherlands
Warnik,Netherlands, Netherlands
Grebel,Poland, Netherlands
VanLoon,Ireland, Netherlands
Wałach,Netherlands, Poland
Stalica,Poland,Poland
Schadd,Ireland, Netherlands
Adams,Ireland,Ireland
Foort,Ireland, Netherlands
Kalkman,Ireland, Netherlands
Abraham,Ireland,Ireland
Abma,Poland, Netherlands
Suwijn,Ireland, Netherlands
Adamczyk,Poland, Poland
VanDerLingen,Poland, Netherlands
VanDerEst,Netherlands, Netherlands
Zagraba,Poland, Poland
Szlachta,Poland, Poland
Bood,Ireland, Netherlands
Notebaart,Poland, Netherlands
VanAkkeren,Poland, Netherlands
Adams,Ireland,Ireland
VanDerBel,Poland, Netherlands
Hertog,Netherlands, Netherlands
Abernathy,Ireland,Ireland
M'Cabe,Ireland,Ireland
M'Cabe,Ireland,Ireland
Mulder,Ireland, Netherlands
Josiro,Poland,Poland
Ferry,Ireland,Ireland
VanDenBerg,Poland, Netherlands
Stefańska,Poland, Poland
Batenburg,Poland, Netherlands
Nijenhuis,Poland, Netherlands
VanAgthoven,Poland, Netherlands
VanAsperen,Ireland, Netherlands
Sauer,Ireland, Netherlands
Adair,Ireland,Ireland
Chudy,Poland,Poland
Sokulska,Poland,Poland
Chabot,Ireland, Netherlands
Roelofsen,Ireland, Netherlands
Klaasse,Netherlands, Netherlands
Dansberg,Poland, Netherlands
Arnold,Ireland, Netherlands
Adamczyk,Poland,Poland
Skura,Poland,Poland
Skoczer,Poland,Poland
Jachym,Poland,Poland
Verbeek,Poland, Netherlands
Ladislaus,Poland,Poland
Kamen,Poland, Netherlands
Roersma,Poland, Netherlands
DeVos,Netherlands, Netherlands
Schootemeijer,Poland, Netherlands
Boutier,Ireland, Netherlands
VanSteenbergen,Netherlands, Netherlands
Stouten,Poland, Netherlands
Bosman,Ireland, Netherlands
Adair,Ireland,Ireland
Sitko,Poland,Poland
Slantyk,Poland,Poland
Boner,Netherlands,Ireland
Tomasini,Poland, Netherlands
Lokkers,Poland, Netherlands
Skoczcylas,Poland,Poland
Ewins,Poland,Ireland
Reijerkerk,Ireland, Netherlands
Hardenbol,Ireland, Netherlands
Truin,Netherlands, Netherlands
DeBest,Poland, Netherlands
Scheffers,Ireland, Netherlands
Turkowski,Poland,Poland
Skowron,Poland,Poland
Looten,Ireland, Netherlands
Skwira,Poland,Poland
Viool,Poland, Netherlands
Jarnazette,Netherlands, Netherlands
Sauer,Netherlands, Netherlands
VanAssendelft,Poland, Netherlands
Schr�der,Poland, Netherlands
Tsusie,Poland,Poland
Szlachatka,Poland,Poland
VanReeuwijk,Poland, Netherlands
M'Cabe,Ireland,Ireland
Coster,Ireland, Netherlands
Roos,Poland, Netherlands
M'Cabe,Ireland,Ireland
Jaszab,Poland,Poland
Słomka,Netherlands, Poland
Laukens,Poland, Netherlands
Warner,Ireland, Netherlands
Sitarz,Poland, Poland
VanHaren,Poland, Netherlands
Abraham,Ireland,Ireland
Adamiak,Poland, Poland
Schonevelt,Ireland, Netherlands
Bek,Ireland, Netherlands
Przybyś,Poland, Poland
VanAalst,Poland, Netherlands
VanHensbergen,Poland, Netherlands
Niewinna,Poland, Poland
Adams,Ireland,Ireland
Adair,Ireland,Ireland
Koenderman,Poland, Netherlands
Voogt,Netherlands, Netherlands
M'Cabe,Ireland,Ireland
Turek,Poland,Poland
Trumiński,Poland, Poland
Adair,Ireland,Ireland
VanLuijn,Ireland, Netherlands
Iburg,Netherlands, Netherlands
